词语,频次
公司,18591
有限,7770
有限公司,6433
管理,4102
产品,4036
发展,3680
医疗,3187
服务,2993
企业,2987
技术,2906
业务,2870
市场,2685
投资,2658
行业,2424
经营,2358
设立,2276
眼科,2256
生产,2208
汽车,2030
项目,1924
爱尔,1877
医院,1796
客户,1793
能源,1763
科技,1743
提升,1729
控制,1728
能力,1623
报告,1565
销售,1515
持续,1512
上海,1496
光伏,1494
相关,1480
爱康,1445
中国,1440
资产,1402
集团,1374
产业,1360
国家,1326
研发,1322
资金,1311
质量,1298
深圳,1273
制造,1262
提供,1244
建设,1243
品牌,1193
创新,1183
开发,1182
收入,1176
增长,1161
系统,1161
全球,1121
智能,1106
股份,1080
情况,1080
供应,1059
新能源,1043
竞争,1041
食品,1040
战略,1039
风险,1006
发电,1000
期内,998
影响,995
眼科医院,950
信息,944
提高,943
合并,928
领域,916
金融,908
电力,908
优势,907
计划,887
收益,866
国内,859
平台,858
子公司,845
消费,841
需求,839
董事,836
体系,836
股权,826
政策,817
经济,801
TCL,791
工作,785
推进,775
合伙,773
健康,770
证券,767
一步,763
进一步,753
机构,751
运营,749
国际,737
规模,725
补助,724
核心,722
股票,714
模式,708
江苏,707
北京,703
资源,700
香精,692
成本,687
合作,661
信托,661
工业,646
数据,633
设备,629
我国,625
社会,624
结构,619
供应商,619
水平,617
香料,615
日否,614
交易,611
商业,611
爱建,610
建立,606
深圳市,603
人才,597
责任,593
部件,588
租赁,579
环境,573
完善,572
研究,565
患者,564
基础,562
基金,562
未来,559
中心,554
苏州,553
设计,548
稳定,545
标准,543
人民,537
联网,536
材料,534
金额,530
年度,525
互联,521
加工,519
升级,518
价值,517
投入,516
电站,516
优化,514
网络,508
期权,506
方式,504
长期,501
专业,500
会议,499
实施,498
融资,498
发生,498
渠道,497
效率,489
综合,489
地区,488
零部件,487
确认,483
布局,480
实业,477
万元,474
快速,474
目标,469
包括,467
工程,465
组织,464
资本,463
员工,461
器械,460
发行,456
控股,454
电池,454
采购,453
工艺,450
推动,449
董事会,445
制度,441
调整,440
医疗器械,440
激励,435
互联网,434
航空,432
费用,431
第三,428
单位,428
太阳,426
增加,422
人员,417
活动,417
太阳能,412
机制,408
零售,406
高效,406
鼻腔,406
数字,406
承诺,402
压铸,400
领先,399
营业,398
电子,395
上市,392
临床,390
劳务,388
重点,385
手术,384
趋势,373
规范,372
亿元,372
成立,371
品质,370
显示,370
州市,370
配料,369
门诊,369
消费者,367
竞争力,366
同比,365
注册,365
商品,364
用户,363
转型,363
香港,363
镇痛,362
团队,362
光电,362
终端,362
注销,362
人民币,362
购买,360
扶持,359
价格,357
数码,355
合金,355
方案,355
降低,353
宁波,353
支持,353
麻醉,352
培训,351
募集,349
打造,349
疼痛,347
规划,345
银行,342
投资者,342
营销,340
地方,338
文化,337
分析,337
全国,336
披露,335
智慧,334
通讯,331
拥有,331
比例,331
股东,328
精密,322
关系,322
符合,322
供应链,321
政府,317
数量,316
累计,316
有限责任,315
组件,313
铝合金,310
巧克力,309
构建,308
拓展,308
整体,306
收购,302
资讯,300
产能,299
保障,298
深度,296
惠州,296
保证,296
科学,294
履行,292
治疗,292
部门,292
预计,291
专利,291
监测,290
护理,288
优质,287
近视,286
理念,286
合同,284
邹承慧,284
强化,282
地位,282
加快,282
信息化,281
专项,279
财富,278
量化,275
过程,274
武汉,273
流程,273
减少,272
变化,272
节能,271
新疆,271
超过,270
第一,270
资讯网,270
加大,269
区域,269
数字化,269
覆盖,267
权益,266
支架,265
借款,263
售电,263
科研,263
新型,263
用于,262
轻量,261
鼓励,261
教育,261
轻量化,261
议案,260
照明,257
自有,257
增强,257
份额,256
赣州,256
媒体,255
内部,255
诊疗,254
解决,254
公开,254
条件,254
转让,248
公告,245
门诊部,244
一体,242
第四,241
关联,241
发布,240
自动,240
委员,239
系列,238
巨潮,237
措施,236
学术,236
带来,233
名称,233
围绕,232
cninfo,230
长沙,229
协同,229
联合,229
提出,229
先进,228
全资,228
阶段,227
制品,227
咨询,226
参与,225
---,225
专家,225
保护,224
制定,224
财务,224
利用,223
时间,223
协议,222
销量,221
江西,221
采用,220
整合,220
执行,220
知名,220
经验,219
城市,217
期末,217
产业链,217
订单,217
日日,216
持有,215
审议,215
下游,214
关键,212
浙江,212
委员会,212
监管,212
聚焦,212
影响力,210
管控,210
内容,209
成都,209
补贴,208
改革,208
负债,207
世界,205
环节,204
创造,204
爱朋,204
大学,203
依法,202
湖南,202
生态,202
功能,201
协会,200
发挥,200
机遇,200
张家,199
一体化,199
总额,199
智能化,198
空间,198
自主,198
奖励,197
效益,197
实业集团,197
资本化,197
天津,197
下降,195
深化,195
美国,195
通信,195
行权,195
海外,195
驱动,194
可靠,193
推广,193
调研,192
环保,191
评估,191
盈利,191
培养,189
疫情,189
具备,187
管理体系,187
诊所,186
利润,186
创业,186
制造业,185
业绩,185
广州,185
张家港,184
作用,184
铸件,183
山东,182
内外,182
经销,182
上市公司,182
私募,181
特定,181
进度,181
卫生,180
原材,179
因素,179
程度,179
统计,178
产品质量,178
连带,178
广东,178
工厂,178
年来,178
酷动,177
实力,177
原材料,177
扶贫,176
动力,176
近年,176
薪酬,176
现有,176
运行,175
医疗机构,174
市场份额,173
独立,173
面临,173
支付,173
主体,171
较大,170
招商,170
儿童,170
商务,170
期间,169
美容,169
电视,169
爱施德,169
爱普,169
改造,168
精准,167
体验,167
格局,166
手机,166
确保,166
保险,165
重庆,165
生活,165
检测,165
多媒体,164
装配,164
细分,164
占有,164
高端,164
共享,164
沙市,163
基地,162
突破,161
特种,161
零件,161
现金,161
压铸件,160
大型,159
事业,159
方向,159
持股,159
债券,158
新能,158
成长,157
否否,157
注药泵,157
边框,157
导致,157
国家级,156
配置,156
长沙市,156
一方,155
万份,155
认证,155
爱慕,155
金融服务,155
汽车产业,154
配件,154
海市,153
优友,153
西安,153
积累,153
解决方案,152
生产线,152
多个,152
河北,152
授予,152
差异,152
高质,152
授权,152
高质量,151
本期,151
装修,151
多年,151
工程技术,151
特种工艺,150
中康,149
视光,149
融合,148
稳步,148
线下,148
利息,148
意见,147
货币,147
接待,146
防控,146
生物,146
场景,145
占有率,145
考核,145
挑战,145
履约,144
落实,144
优秀,144
新设,144
自动化,144
利益,144
探索,143
对象,143
服务业,143
始终,142
证券报,142
成果,142
模具,142
学习,142
分销,141
指导,141
青少,140
青少年,140
连锁,140
少年,140
选择,139
重视,139
电动,139
沟通,139
面向,139
处于,138
高新,138
人力,138
上线,138
完工,138
各项,138
定位,137
可可,137
睡眠,137
信用,137
视觉,136
线上,136
美元,136
原因,136
计算,136
时代,136
加速,136
形象,135
原则,135
集成,135
贷款,135
内蒙,134
房产,134
详见,134
人群,133
改善,133
排放,132
传统,132
策略,132
集团股份,132
开拓,131
国际化,131
通知,131
各类,131
多种,131
市场占有率,131
主营,130
金融业,130
治理,130
工具,130
省区,130
搭建,129
委托,129
报告期,129
疾病,129
高度,129
方法,129
分布,128
监事,128
联营,128
架构,128
发行股票,128
结算,127
预测,127
产销,127
变更,126
助力,126
贸易,126
支撑,126
申请,126
蒙古,126
外部,126
周期,126
华星,125
更好,125
年产,125
定性,125
主营业务,125
引进,125
印发,125
医学,124
国内外,124
三届,124
电脑,123
利率,123
全球化,123
当期,123
管理系,123
货币资金,122
新增,122
安装,122
人工,122
地方性,122
力度,122
欧洲,121
季度,121
万辆,121
出售,120
本次,120
依托,120
租入,120
合计,120
日期,120
第三届,120
物流,120
知识,119
交付,119
大幅,119
变动,119
内蒙古,119
金属,118
地产,118
分级,118
发展趋势,118
波动,117
青海,117
实地,117
分娩,117
民营,117
努力,117
专项资金,116
间接,116
爱尔眼,116
余额,116
医生,116
计量,116
上海市,116
会计,115
主机,115
九江,115
鼻炎,115
面对,115
培育,114
增速,114
流动,114
销售收入,114
内障,113
资等,113
河南,113
做好,113
软件,113
山西,113
飞机,113
监督,113
审核,112
总体,112
类型,112
日本,112
白内障,112
运维,112
万亿,112
业而,111
板块,111
致力,111
合伙人,111
维护,111
神州,111
队伍,111
预期,110
指标,110
合格,110
装备,110
公益,110
力量,110
进展,110
伙伴,109
设施,109
事项,109
不断完善,109
利于,109
编号,108
主机厂,108
呈现,108
岗位,108
公司股票,108
管理系统,108
连续,108
布式,107
操作,107
苹果,107
来源,107
术后,106
内衣,106
关注,106
车行,106
汽车行业,106
状态,106
认可,106
四届,106
屈光,106
涉及,106
义务,105
出口,105
第十,105
有利于,105
资管,105
成功,105
决策,104
第四届,104
之间,104
追求,104
联营公司,104
机会,104
法律,104
公司债,104
可行,104
首次,104
减排,104
技术创新,103
记录,103
检查,103
绿色,103
致力于,103
光明,103
配套,102
创新能力,102
增值,102
电商,102
控制权,102
一期,102
无锡,102
成熟,102
陕西,102
交易所,102
分布式,101
手段,101
医师,101
三方,101
机械,101
平均,101
多元,101
性能,101
落地,100
效果,100
国民,100
临时,100
文件,100
多家,100
贡献,100
互动,100
门店,100
开放,99
高级,99
负责,99
甘肃,99
南京,99
延伸,98
数控,98
办医,98
登记,98
把握,98
灯具,98
程序,98
背景,98
品种,97
绩效,97
简称,97
济南,97
宏观,97
最终,97
同意,97
签订,97
武汉市,97
安徽,97
赋能,97
对外,96
沈阳,96
医药,96
国务院,96
国务,96
改进,96
实用,96
状况,96
日常,95
标准化,95
景观,95
承担,95
市场竞争,95
果酱,95
审计,94
评价,94
导向,94
自筹,94
微电脑,94
收到,94
饮料,94
众多,94
意识,93
港市,93
体制,93
构件,93
结构件,93
房地,93
发明,93
房地产,93
体现,92
售后,92
纳入,92
转移,92
越来越,92
产品开发,92
到期,92
精细,92
职能,92
越来,92
态势,91
物业,91
装机,91
转化,91
家庭,91
一系列,91
诊断,91
检验,91
一系,91
市场需求,91
原料,91
受托,91
专注,91
细化,91
出台,90
异质,90
新加坡,90
批量,90
形势,90
资料,90
共计,90
比重,90
烘焙,89
营商,89
客户资源,89
气道,89
带动,89
共青,89
青城,89
一年,89
潜力,89
建成,88
人口,88
共青城,88
二十,88
主题,88
杭州,88
精度,88
江阴,88
工序,88
产品销售,88
实用新型,88
签署,87
湖州,87
人均,87
南宁,86
激烈,86
办法,86
一批,86
讨论,86
接受,86
惠州市,86
审批,86
新兴,86
运营商,86
数码产品,85
法规,85
损益,85
完毕,85
强大,85
转向,85
无线,85
南昌,84
满意,84
业协会,84
卓越,84
京市,84
实体,84
日报,84
支行,84
服饰,84
剩余,84
江北,84
山南,84
职责,83
注重,83
都市,83
应对,83
前景,82
张家港市,82
估计,82
复合,82
跨国,82
年末,82
眼病,82
运作,82
千元,82
异化,82
截止,82
推出,82
物联网,82
差异化,82
精益,82
工商,82
经销商,81
约定,81
另一方,81
正式,81
亿美元,81
家电,81
量产,81
人才培养,80
人工智能,80
研究所,80
乳制品,80
第三方,80
高新技术,80
领先地位,80
百分,80
中央,80
脱贫,80
万亿元,80
吉林,80
进一步提高,80
财政,80
电池组,80
年底,79
成都市,79
药物,79
增长率,79
透明,79
分配,79
学院,79
人力资源,79
专业化,79
动机,79
民营企业,79
引导,79
增持,79
在线,79
20MW,79
服务商,79
交流,78
添加,78
食品安全,78
引领,78
第五,77
发动机,77
污染,77
着力,77
涵盖,77
四川,77
性质,77
深圳证券交易所,77
发动,77
用量,76
跟踪,76
十四,76
喷雾,76
不利,76
冲洗,76
云南,76
公司债券,76
速度,75
医用,75
方位,75
贫困,75
分类,75
时报,75
下属,75
购建,75
奠定,75
金流,75
产销量,75
办公,75
装置,74
董事长,74
持续增长,74
试点,74
分发,74
低成本,73
学科,73
食用,73
上年,73
资助,73
三是,73
年康,73
灯光,73
储备,73
品类,73
长春,72
宁波市,72
物业管理,72
监测仪,72
准确,72
二级,72
广西,72
许可,72
技能,72
远程,72
十二,72
模块,72
重组,72
获取,72
一种,72
合作伙伴,72
测仪,72
全方位,71
机器,71
一是,71
农业,71
慢性,71
药品,71
器材,71
管理人员,71
二是,71
有权,71
信托公司,71
较强,71
十三,71
主动,71
转售,71
道路,71
遵守,70
层次,70
变革,70
交易日,70
呼吸,70
配电,70
博士,70
精细化,70
喷雾器,70
贯彻,70
环境保护,69
注射,69
太原,69
公共,69
监控,69
福利,69
视网,69
增资,69
注册地,69
快速增长,69
特别,69
创业投资,69
丁惠华,69
龙头,69
视频,68
服务网,68
形式,68
事件,68
网膜,68
已于,68
湖北,68
认知,68
能源开发,68
5G,68
专科,68
衍生,68
生命,68
半年,68
多元化,68
厂商,68
辽宁,67
驾驶,67
有望,67
效应,67
管理制,67
发明专利,67
石家,67
质押,67
挖掘,67
劳动,67
现金流,67
军用,67
用户数,67
半导,67
户数,67
尺寸,67
诺斯,67
响应,67
居民,66
指定,66
合法,66
导体,66
更新,66
半导体,66
并购,66
亚洲,66
夹具,66
损失,66
毛利,66
树立,66
德里,66
总部,66
稳定性,66
战略目标,66
流动性,66
记录表,65
直销,65
天然,65
夯实,65
证监,65
实验,65
中华,65
吸引,65
服务网络,65
小型,65
稳健,65
定期,65
发达,65
石家庄,65
面板,65
中度,65
补充,65
视网膜,65
买方,65
力争,65
用车,65
马德里,65
家庄,65
管理制度,65
不断扩大,65
核心技术,65
柔性,65
出资,64
迭代,64
北区,64
民用,64
进口,64
上游,64
乘用车,64
协调,64
启动,64
人数,64
特色,64
联动,64
负债表,64
决议,64
增减,63
加剧,63
筛查,63
处置,63
证券时报,63
证监会,63
职业,63
理财,63
多项,63
技术改造,63
硬件,63
三大,63
航天,62
游戏,62
交割,62
手续,62
代表,62
北京市,62
顺利,62
舒适,62
爱柯迪,62
压力,62
管理水平,62
经费,62
西藏,62
尚未,62
普及,62
扩张,62
相结合,62
竞争能力,62
借助,62
宏观经济,62
充分发挥,62
产品线,62
电子商务,62
前提,62
回报,61
效期,61
荣耀,61
建筑,61
终止,61
历史,61
短期,61
通讯器材,61
有效期,61
教研,61
朝阳,61
通讯器,61
迎来,61
集合,61
所有权,61
生理,60
服务平台,60
行权期,60
日至,60
生产能力,60
承包,60
计入,60
仓储,60
关联方,60
信用风险,60
壳体,60
江北区,60
健全,60
合规,60
同步,60
切实,60
合肥,59
精神,59
股份公司,59
有任,59
食品饮料,59
指南,59
批准,59
康复,59
清洁,59
主导,59
论坛,59
集中度,59
上下游,59
信息技术,59
群体,59
同期,59
屋顶,58
罗纳,58
判断,58
通道,58
动态,58
配合,58
液晶,58
算法,58
生态圈,58
新冠,58
哈尔,58
研究院,58
高速,57
活跃,57
医美,57
前沿,57
产权,57
港币,57
传播,57
销售额,57
实时,57
连接,57
扩展,57
利息收入,57
专用,57
出货,57
大部,57
湖南省,57
二期,57
技改,57
CXO,57
满意度,57
收取,57
完整,57
位于,57
国民经济,56
建设项目,56
扩建,56
教授,56
视力,56
博州,56
哈尔滨,56
一家,56
注准,56
内控,56
类别,56
代理,56
统一,56
施工,56
定制,56
紧密,56
二次,56
学会,56
有机,56
认定,56
补偿,55
主流,55
海水,55
辅助,55
办理,55
年度报告,55
多样,55
有序,55
用途,55
认购,55
进出,55
衍生品,55
供给,55
监护,55
理工,54
实践,54
郑州,54
机器人,54
验证,54
饮品,54
输注,54
酷爱,54
铝量,54
透明质,54
进出口,54
类产品,54
交割日,54
论文,54
指引,54
无棣,54
北地,54
诚信,54
加剂,54
评级,54
总裁,54
充分利用,54
分利,54
江苏省,54
添加剂,54
湘潭,54
IT,53
序号,53
预定,53
苏州市,53
深耕,53
行政,53
年龄,53
出具,53
投产,53
应急,53
九州,53
南通,53
相继,53
领导,53
库存,53
海南,53
300MW,53
统筹,53
原始,53
渗透,53
无痛,53
冷冻,53
新区,53
债务,52
拉萨,52
危机,52
后续,52
型号,52
就业,52
报酬,52
评审,52
安排,52
小企业,52
协作,52
共和,52
商贸,52
公众,52
验收,52
广阔,52
二届,52
年初,52
总数,52
并网,51
扣除,51
受益,51
合成,51
二类,51
终端产品,51
省级,51
提供商,51
第二届,51
分部,51
服务体系,51
付款,51
之日,51
小批量,51
设定,51
创业板,51
旗下,51
三个,51
一级,51
表现,51
减重,51
爱美,51
合法权,50
付息,50
法权,50
控制系统,50
慈善,50
法律法规,50
三年,50
一次性,50
股东权益,50
律法,50
运动,50
前期,50
修订,50
之日起,50
ERP,50
固有,50
奶酪,50
反馈,50
医疗卫生,50
昆明,50
负债率,50
中国汽车工业协会,50
产线,50
铝业,50
车工,50
北美,50
管理层,50
青岛,50
输液,50
坚定,49
汇率,49
人次,49
技术咨询,49
LED,49
平稳,49
技术人员,49
折合,49
主业,49
商用,49
现代化,49
酸钠,49
同行,49
支出,49
限售,49
百年,49
共建,49
申报,49
引入,49
资质,49
群众,49
层面,49
学生,49
合法权益,49
中小企业,48
益阳,48
单元,48
源于,48
怀化,48
事务,48
个体,48
种类,48
肺炎,48
事故,48
创投,48
期限,48
增效,48
闭环,48
金融工具,48
角膜,48
资源配置,48
存量,48
会员,48
第二类,48
抓住,48
GW,48
法定,48
购买方,48
降低成本,48
贵阳,48
素质,48
如东,47
电话,47
享有,47
原有,47
医护,47
表面,47
科室,47
生产工艺,47
释放,47
多层,47
一号,47
3C,47
中国证监会,47
四五,47
三电,47
不动,47
境外,47
流通,47
售后服务,47
国产,47
五名,47
安全性,46
一代,46
预防,46
数码科技,46
下滑,46
合资,46
应付,46
商业模式,46
增购,46
宣传,46
电器,46
控股集团,46
享受,46
贴身,46
于巨潮,46
理性,46
垂直,46
三类,46
黄石,46
第二十,46
稳定增长,46
流量,46
打通,45
逾期,45
技术水平,45
乐动,45
战略规划,45
金融业务,45
流入,45
国防,45
经贸,45
简单,45
凸显,45
重庆市,45
经济效益,45
酒泉,45
凝胶,45
供货,45
化疗,45
基层,45
恢复,45
阳泉,45
科目,45
高品质,45
回购,45
万台,45
示范,45
个性,45
导入,44
激活,44
立足,44
养老,44
----,44
陆续,44
款项,44
所致,44
价值观,44
车身,44
爱康富,44
达成,44
型材,44
得以,44
知名度,44
常德,44
总量,44
践行,44
大化,44
公平,44
过敏,44
毛利率,44
多层次,44
最大化,44
印刷,44
期初,44
输出,44
风控,44
动产,44
南召,44
获批,44
品牌形象,43
初步,43
使用权,43
翰林,43
韩国,43
个性化,43
离职,43
主任,43
试验,43
组合,43
车间,43
风险管理,43
强度,43
翰林汇,43
目的,43
进程,43
用权,43
第三类,43
十五,43
便利,43
十年,43
职工,43
第六,43
展望,43
调节,43
差额,43
本金,43
不动产,43
之外,43
采访,43
近视眼,42
衡阳,42
嘉祥,42
发表,42
自然,42
商银,42
低于,42
房屋,42
保护局,42
发达国家,42
结构化,42
公布,42
交通,42
华南,42
举办,42
秉承,42
西安市,42
领军,42
参加,42
举措,42
邵阳,42
未能,42
互补,42
灵活,42
确定性,42
任职,42
设置,42
艺术,42
精确,42
中航,42
运输,42
经理,42
成效,42
放缓,42
证券日报,42
Cl,42
注册证,42
国外,42
在内,42
多样化,42
现场,42
战略性,42
中断,42
资源整合,41
知识产权,41
太原市,41
会议室,41
路线,41
新建,41
贵州,41
前列,41
前瞻,41
柳州,41
相比,41
眼底,41
MES,41
佛山,41
五年,41
高效率,41
华瑞,41
基础设施,41
大规模,41
电量,41
大规,41
矩阵,41
平价,41
权威,41
服务质量,41
华东,41
暂停,41
组建,41
中长,40
共识,40
建议,40
信息系统,40
地面,40
每辆,40
十四五,40
病历,40
赣州市,40
信托业,40
四是,40
商标,40
办公厅,40
预案,40
路径,40
直播,40
参股,40
方园,40
兰州,40
严峻,40
第七,40
水果,40
省会,40
准则,40
株洲,40
美丽,40
募投,40
环境保护局,40
单一,40
产量,40
不确定性,40
娄底,40
广告,40
成品,40
十九,40
社区,40
年否,40
起始,40
配方,40
皮肤,39
测量,39
一号机,39
防范,39
调查,39
调薪,39
已有,39
环境影响,39
准入,39
市场化,39
三次,39
销售量,39
燃油,39
为本,39
黑龙江,39
龙江,39
路灯,39
固定,39
缴纳,39
工装,39
更大,39
分享,39
中长期,39
价款,39
各大,39
百分比,39
便捷,39
权利,39
资产负债率,39
机型,38
降本,38
占据,38
维度,38
备案,38
私域,38
纤维,38
批复,38
净资产,38
担任,38
千瓦,38
激发,38
分工,38
二个,38
个旧,38
两个,38
传媒,38
外汇,38
规模化,38
将会,38
荣获,38
无人,38
托人,38
赢得,38
东莞,38
财产,38
三十,38
中信,38
东方,38
大连,38
退出,38
清远,38
强国,38
推行,38
率先,38
四节,38
第四节,38
部署,38
超募,38
原告,38
期刊,38
记入,38
欢网,38
孝义,37
50MW,37
模组,37
角度,37
追溯,37
概述,37
凝聚,37
中小型,37
伴随,37
锁定,37
咸宁,37
智能手机,37
条款,37
发展前景,37
金融机构,37
四十,37
人才队伍,37
奋斗,37
自营,37
糖果,37
索引,37
爱保,37
代码,37
第三节,37
公立,37
各省,37
面积,37
广东省,37
眼视光,37
约束,37
各个环节,37
承接,37
均瑶,37
能手,37
郴州,37
就诊,37
民航,37
三节,37
大会,37
LTD,37
金昌,37
滨州,36
纷纷,36
思路,36
填充,36
包装,36
测试,36
店铺,36
华人,36
十八,36
局面,36
南昌市,36
限于,36
牌价,36
品牌价值,36
消耗,36
传感,36
工作站,36
批次,36
HJT,36
会社,36
等级,36
共和国,36
宜昌,36
范化,36
金融资产,36
维修,36
梯队,36
增量,36
基金会,36
科技股份,36
容量,36
同业,36
住院,36
日化,36
烟台,36
福建,36
老龄,36
强劲,36
实验室,36
西宁,36
体制改革,36
光源,36
职务,36
开具,36
模型,36
日月,36
科技股,36
规范化,36
实行,36
任期,36
天舜,36
刺激,36
系统集成,35
瑞成,35
便携,35
规则,35
否资,35
相互,35
芜湖,35
收回,35
循环,35
牌照,35
转换,35
百分点,35
一线,35
分点,35
地点,35
立体,35
时期,35
阳光,35
来源于,35
用率,35
广州市,35
乌海,35
知名企业,35
优先,35
单独,35
名企,35
识别,35
三级,35
自动驾驶,35
民生,35
南大,35
LCD,35
业内,35
管理中心,35
薄膜,35
匹配,35
凤庆,35
防治,35
影像,35
联盟,35
老龄化,35
中华人民共和国,35
统计局,35
管理模式,35
最新,35
医护人员,34
管理机制,34
重度,34
汇达,34
科学院,34
报表,34
韶关,34
竣工,34
与此,34
概要,34
约合,34
年会,34
诸多,34
美好,34
一类,34
军队,34
孵化,34
改变,34
新品,34
表处理,34
可靠性,34
顺应,34
荣誉,34
予以,34
现出,34
药液,34
无损,34
出发,34
氛围,34
经历,34
小学,34
大利,34
使用量,34
护人,34
不适,34
计数,34
上网,34
服务水平,34
新兴产业,34
制造商,34
老年,34
大部分,34
广泛应用,33
许昌,33
乌海市,33
西亚,33
淄博,33
附加,33
接口,33
自治,33
永州,33
十一,33
牛奶,33
账户,33
围术期,33
激励机制,33
绩效考核,33
总局,33
产业园,33
系统核心,33
通力,33
模块化,33
意义,33
周年,33
长远,33
减持,33
去年,33
技术标准,33
四大,33
表决,33
万股,33
定价,33
政局,33
全员,33
采集,33
排名,33
组成部分,33
一支,33
现实,33
全程,33
爱享,33
化解,33
管理机构,33
省市,33
学历,33
南康,33
学术会议,33
领先水平,32
机加工,32
光学,32
小件,32
组装,32
研制,32
第四十,32
小组,32
缓冲,32
四个,32
长春市,32
传承,32
分会,32
过敏性,32
被告,32
创新型,32
包含,32
西南,32
违约,32
发电量,32
江西省,32
表决权,32
网络科技,32
镇静,32
覆盖全国,32
乡村,32
管理工作,32
清洗,32
节点,32
十六,32
股本,32
采购额,32
医保,32
襄阳,32
振兴,32
第二期,32
冲击,32
指出,32
废水,32
O2O,32
宁乡,32
初始,31
民机,31
医非,31
分公司,31
电机,31
东南,31
保理,31
生产成本,31
发现,31
中共,31
这一,31
花样,31
芯片,31
自行,31
渗透率,31
集群,31
壮大,31
园区,31
取消,31
华北,31
选择权,31
政府部门,31
工资,31
秉持,31
用电,31
癌痛,31
感器,31
再生能源,31
突发,31
传感器,31
再生,31
荆州,31
冰淇淋,31
出货量,31
回售,31
文化传媒,31
先期,31
常德市,31
传输,31
辅料,31
高校,31
收益率,31
零售商,31
西北,31
多方,31
和谐,31
症状,31
药监局,31
女性,31
外科,31
电动车,31
壁垒,31
电视机,31
技术推广,31
寿命,31
动车,31
技术开发,31
院长,31
各方,31
硕士,30
平衡,30
合性,30
独特,30
食品科技,30
使命,30
填补,30
监管部门,30
功率,30
生命周期,30
发票,30
难以,30
黄冈,30
延续,30
内生,30
下半,30
HK,30
月份,30
配备,30
纲要,30
国家统计局,30
三星,30
民政,30
电控,30
企业形象,30
几年,30
日趋,30
生理性,30
降本增效,30
良性,30
泸州,30
治疗仪,30
特征,30
收集,30
分为,30
限电,30
癌症,30
澳大利亚,30
一届,30
毕业,30
网点,30
网上,30
标志,30
下行,30
湘潭市,30
简化,30
沈阳市,30
耗材,30
澳大利,30
电力工程,30
利亚,30
厦门,30
首家,30
综合性,30
方针,30
参数,30
调香,30
高度重视,30
下半年,30
无限,30
产业政策,30
监管部,30
年均,30
兴业,30
赛道,30
通用,30
承德,30
效能,30
到位,30
益阳市,29
债权,29
关爱,29
最具,29
电完,29
口碑,29
保持稳定,29
教学,29
乳脂,29
家居,29
自贡,29
副总,29
投资收益,29
香精香料,29
小额,29
称号,29
资源共享,29
博士后,29
宿州,29
华中,29
结项,29
南亚,29
紧紧,29
东南亚,29
衔接,29
提前,29
混合,29
中山,29
财政局,29
病毒,29
推荐,29
活力,29
鼾症,29
差距,29
AMOLED,29
发起,29
益率,29
协助,29
横向,29
针对性,29
OLED,29
万套,29
东北,29
幅度,29
泰安,29
马来,29
公共关系,29
资格,29
展现,29
损伤,29
营口,29
爱乐,29
军机,29
额度,29
做出,29
营养,29
证书,29
困难,29
华南地区,28
同行业,28
空航,28
适合,28
创意,28
基调,28
EVA,28
植入,28
乘以,28
资信,28
焙烤,28
双轮,28
一流,28
西哥,28
真空,28
高新区,28
土地,28
结构性,28
攻坚,28
凤庆县,28
淮北,28
晶面,28
关键技术,28
南宁市,28
液晶面板,28
规格,28
中东,28
海内,28
坚实,28
概念,28
间断,28
垄断,28
成型,28
院所,28
台阶,28
深刻,28
化工,28
病变,28
鼻窦炎,28
洞察,28
捐赠,28
营运,28
同类,28
碳中,28
南充,28
统计数据,28
平方米,28
菏泽,28
所有者,28
对接,28
科普,28
管理效率,28
实施方案,28
人机,28
平方,28
粘性,28
神经,28
科研院所,28
登记表,28
存储,28
纵向,28
10MW,28
社交,28
鼻窦,28
竞争者,28
区块,28
年轻,28
征信,28
投向,28
合一,28
入库,28
墨西哥,28
世纪,28
性价比,28
先导,28
华东地区,28
亮视,27
电子产品,27
实质,27
子产,27
小额贷款,27
温度,27
体内,27
机身,27
资源管理,27
编制,27
实物,27
净额,27
基建,27
调试,27
停止,27
海内外,27
李东生,27
律师,27
济南市,27
最优,27
一站,27
第一批,27
就医,27
否王兰柱,27
开发区,27
军用飞机,27
万千,27
伊川,27
积极探索,27
交互,27
电信,27
关继峰,27
汕头,27
最佳,27
行人,27
发行人,27
外延,27
庞大,27
爆发,27
质量体系,27
达科,27
下达,27
训练,27
公立医院,27
事宜,27
换代,27
南市,27
十七,27
日用,27
执业,27
给予,27
消除,27
万千瓦,27
高素质,27
依然,27
某种,27
空客,27
理解,27
抵押,27
分子,27
一站式,27
孝感,27
总成,27
介绍,27
口感,27
前瞻性,27
情形,26
赔偿,26
势头,26
主办,26
幸福,26
电光,26
均衡,26
著作,26
酷友,26
续费,26
手续费,26
让渡,26
铝型材,26
先锋,26
货款,26
片及,26
外经,26
公募,26
发运,26
开启,26
服装,26
宜章,26
审查,26
患病,26
先行,26
唯一,26
DDB,26
周期性,26
制订,26
高精度,26
保留,26
莒南,26
化妆品,26
大力发展,26
烟草,26
化妆,26
大陆,26
本土,26
天津市,26
津市,26
第三十,26
爱达,26
主管,26
三季,26
产学研,26
未结,26
充实,26
局部,26
教育网,26
现任,26
飞秒,26
形状,26
30MW,26
会诊,26
武器,26
利好,26
附属,26
法国,26
灯饰,26
利用率,26
明确提出,26
报告书,26
中国工商银行,26
结构调整,26
跨越,26
趋于,26
缩短,26
相关性,26
管理费,26
信任,26
支柱,26
人为,26
高管,26
著作权,26
支配,26
拓宽,26
充足,26
眼科学,26
公用,26
区分,26
地域,25
业务收入,25
参见,25
禄劝,25
注入,25
回收,25
步伐,25
自建,25
吉林市,25
纺织,25
DuckerWorldwide,25
长兴,25
服务收入,25
利润分配,25
提取,25
云计算,25
如东县,25
未结算,25
失效,25
爱尔麦格,25
印度,25
主义,25
三三,25
经营策略,25
外部环境,25
租赁业,25
荆门,25
极性,25
积极性,25
内涵,25
中自,25
合营,25
扎实,25
明光,25
农村,25
长期借款,25
电动汽车,25
项目名称,25
东县,25
著名,25
感染,25
厂房,25
高于,25
创动,25
糖尿,25
便携式,25
联合会,25
TV,25
合会,25
消费量,25
航空航天,25
溶液,25
募股,25
欧元,25
负面,25
第一届,25
应用服务,25
七次,25
六次,25
持续性,25
虚拟,25
系列产品,25
宗旨,25
拉动,25
博乐,25
协同效应,25
负面影响,25
餐饮,25
传递,25
端的,25
机加,25
三季度,24
患病率,24
寻求,24
小计,24
两年,24
电池板,24
乌兰,24
指数,24
福州,24
军民,24
外资,24
更强,24
无人机,24
次性,24
低碳,24
制程,24
试行,24
液袋,24
保值,24
置业,24
外币,24
马来西亚,24
APP,24
青光,24
入选,24
公益事业,24
油耗,24
人物,24
精密机械,24
城镇,24
无售,24
青海省,24
可视,24
保健,24
AluminumAssociation,24
公积,24
海口,24
改革开放,24
新高,24
并于,24
智能家居,24
产品种类,24
出让,24
缓解,24
营造,24
应用领域,24
预算,24
占领,24
无锡市,24
凝聚力,24
严格执行,24
节约,24
整改,24
顾客,24
第二个,24
尊重,24
糖尿病,24
装机量,24
领跑,24
常态,24
规章,24
兼顾,24
香气,24
预警,24
产业结构,24
多维,24
领取,24
Coodoo,24
日起,24
通投本,24
信誉,24
光明行,24
十字,24
人事,24
融入,24
副总裁,24
nicaBaviera,24
学校,24
爱美丽,24
归属,24
信心,24
医务,24
食品行业,23
起着,23
自控,23
品行,23
黄斑,23
艰苦,23
购物,23
业态,23
新一代,23
全新,23
辆车,23
每辆车,23
PCA,23
互利,23
挂号,23
着重,23
可控,23
交货,23
成员,23
评为,23
注射用,23
电能,23
黄石市,23
东部,23
燃料,23
铸造,23
AI,23
专户,23
图像,23
全过程,23
IP,23
直至,23
算机,23
阶段性,23
募资,23
差错,23
打破,23
哈爱达,23
三三一爱尔,23
新规,23
可行性,23
ADAS,23
自我,23
产品设计,23
辐射,23
风格,23
超高,23
沪滨,23
层级,23
公用事业,23
湘江,23
经济运行,23
疑难,23
难度,23
废品,23
线图,23
路线图,23
国家药监局,23
作出,23
红十字,23
升华,23
规章制度,23
存放,23
十大,23
欧美,23
快速反应,23
------,23
信息网,23
委托人,23
头部,23
波音,23
督导,23
工业化,23
信赖,23
以人为本,23
世界级,23
控制能力,23
做强,23
麻醉科,23
有效性,22
展示,22
课题,22
共有,22
催生,22
慧康,22
红利,22
大部件,22
胶膜,22
调动,22
一项,22
调控,22
足够,22
临床试验,22
合肥市,22
压铸机,22
主导地位,22
日止,22
国械,22
越南,22
潜在,22
行业标准,22
加深,22
余年,22
母公司,22
哈尔滨市,22
邵阳市,22
党建,22
事业部,22
每股,22
华北地区,22
康明,22
矫正,22
耳鼻喉,22
提高效率,22
受理,22
本行,22
官网,22
收否,22
南京市,22
复明,22
机体,22
密切相关,22
发性,22
提交,22
株式会社,22
电气,22
衡阳市,22
张荣明,22
微球,22
急性,22
苏械,22
上期,22
结转,22
娄底市,22
盛康,22
蝉联,22
委会,22
司法,22
德国,22
展开,22
以此,22
石家庄市,22
津贴,22
国有,22
工业区,22
损害,22
博乐市,22
西宁市,22
计算机,22
至上,22
应收,22
青光眼,22
复苏,22
定产,22
固体,22
境内,22
Ltd,22
无痛分娩,22
情况表,22
工程师,22
本法,22
-----,22
成本法,22
增长点,22
广场,22
以销定产,22
个省,22
市级,22
否院,22
克斯,22
产科,22
牵头,21
股票代码,21
政治,21
发生率,21
否设,21
化收,21
托管,21
迹象,21
重量,21
鼾器,21
ISO9001,21
网站,21
发展中国家,21
MW,21
短缺,21
黄油,21
监督管理,21
休闲,21
定量,21
减速,21
院办,21
用品,21
项目管理,21
行业协会,21
B2b,21
章程,21
专卖,21
贯彻落实,21
公司法,21
华中地区,21
档案,21
交叉,21
历经,21
现时,21
理想,21
大厦,21
化学,21
可视化,21
小学生,21
国务院办公厅,21
中地,21
确立,21
奇台,21
转入,21
泰州,21
考评,21
周边,21
氧化,21
病患,21
发展潜力,21
公益活动,21
酷人,21
娱乐,21
期货,21
输入,21
佳康,21
行政许可,21
国家开发银行,21
护理产品,21
天猫,21
三期,21
存款,21
急慢性,21
交易价格,21
基准,21
贯穿,21
冷链,21
特克斯,21
通关,21
水准,21
十次,21
家园,21
国企,21
该类,21
高水平,21
刀具,21
框架,21
五十,21
3GW,21
服务公司,21
契机,21
重构,21
信号,21
一部,21
该项,21
不断加强,21
良品率,21
外观,21
主推,21
长江,21
老年人,21
扩充,21
爱康术,21
发生额,21
本行业,21
特克,21
埋植,21
产融,21
外经贸,21
中机,21
服务提供商,21
位列,21
清能,21
整车,21
大幅度,21
叠加,21
五届,20
金融市场,20
划分,20
细则,20
院士,20
直投,20
海曙区,20
投入使用,20
所处,20
可逆,20
武器装备,20
双重,20
能效,20
商场,20
深入开展,20
拉萨市,20
成长性,20
广度,20
国情,20
套期,20
可能性,20
单项,20
配送,20
提存,20
要素,20
社会公众,20
株洲市,20
销售业,20
销售业务,20
爱心,20
逐步形成,20
金融中心,20
整体实力,20
兑付,20
余家,20
系列化,20
乳酸,20
使用费,20
消费品,20
策划,20
责人,20
转诊,20
调解,20
商业银行,20
负责人,20
材质,20
客机,20
压缩,20
颁布,20
产出,20
鼻部,20
AJE,20
前沿技术,20
制动,20
雷鸟,20
吨位,20
吸收,20
眼非,20
紧跟,20
自愿,20
历本,20
病历本,20
分化,20
重复,20
积极开展,20
迁址,20
长性,20
处罚,20
求进,20
怀化市,20
时尚,20
个旧市,20
爱国,20
南召县,20
分行,20
经营风险,20
制造费用,20
展业,20
用费,20
名品,20
助于,20
客户服务,20
知名品牌,20
一部分,20
投融资,20
号召,20
电厂,20
逐步提高,20
发病,20
双碳,20
兼并,20
来访,20
筛选,20
途径,20
锦州,20
产业化,20
东北地区,20
海通,20
黄文辉,20
银否否,20
电影,20
控制程序,20
舟山,20
万吨,20
占用,20
客户群,20
质量标准,20
顾问,20
精度高,20
中南,20
单车,20
稳中求进,20
百士康,20
结束,20
物资,20
返还,20
物质,19
评选,19
逐年,19
法院,19
总成本,19
显现,19
麻醉学,19
社保,19
江陵,19
内热,19
思想,19
边界,19
第三次,19
家用,19
分支,19
第五十,19
大安,19
细作,19
眼底病,19
科技产业,19
系统化,19
雄厚,19
中东部,19
温州,19
积极参与,19
放量,19
敏感,19
通讯设备,19
污水,19
继续加强,19
增厚,19
同于,19
续加,19
抢占,19
许可证,19
咸宁市,19
缺陷,19
一二,19
股份有限,19
接入,19
信息管理,19
不同于,19
否团,19
多方面,19
主管部门,19
滚动,19
社会主义,19
会主,19
昆明市,19
测算,19
已达,19
食品工业,19
酸性,19
风味,19
多功能,19
切口,19
冷却,19
精简,19
松原,19
禄劝县,19
里程,19
杂志,19
上海银行,19
建厂,19
股利,19
价格控制,19
股价,19
新机,19
中否,19
爱施迪,19
泌阳,19
密集,19
印尼,19
华夏,19
高达,19
距离,19
部品,19
共赢,19
位置,19
并重,19
很大,19
案例,19
观念,19
障碍,19
台湾,19
促销,19
一轮,19
新一轮,19
财务状况,19
赣江,19
拥抱,19
减速器,19
柯坪,19
定义,19
装饰,19
倡导,19
不可避免,19
第三个,19
IMAX,19
主力,19
CEO,19
十余,19
自本,19
危险,19
出包,19
云控,19
在职,18
小贷,18
走向,18
工业园,18
冠状,18
彰显,18
不正,18
诞生,18
汉口,18
病人,18
口腔,18
失业,18
公允,18
微信,18
污染物,18
贵阳市,18
日前,18
否日,18
已获,18
五家,18
品名,18
呼吸道,18
信息产业,18
景气,18
单位名称,18
链路,18
长宁,18
熔炼,18
上级,18
250kg,18
塑造,18
第一期,18
五家渠,18
万人次,18
干部,18
独家,18
故障,18
t2,18
排污,18
独具,18
信贷,18
一路,18
四季度,18
动能,18
持续保持,18
病患者,18
起落,18
喉科,18
身体,18
比欧,18
汽车销量,18
享易,18
续保,18
四季,18
乳品,18
空调,18
人民政府,18
后期,18
打开,18
不可逆转,18
购销,18
关税,18
季度末,18
美好生活,18
大安市,18
资源优势,18
条线,18
器件,18
市场准入,18
减值,18
浦佳,18
纳税,18
业生,18
第二次,18
岳阳市,18
感知,18
双面,18
立项,18
设有,18
起落架,18
三峡,18
灵动,18
晋中,18
好生,18
携手,18
点光源,18
提名,18
出租,18
一季,18
热处理,18
皱纹,18
亚太,18
能耗,18
瑞旭,18
搬迁,18
科研项目,18
落架,18
有助,18
丹阳,18
分散,18
入口,18
授信,18
防护,18
蚌埠,18
颁发,18
线控,18
开元,18
徐州,18
逆转,18
面部,18
自治区,18
产品组,18
旨在,18
年报,18
闲置,18
立体化,18
态度,18
回归,18
各国,18
半数,17
学科建设,17
认沽,17
呈现出,17
有助于,17
爱克,17
投资方,17
西南地区,17
工艺技术,17
阴市,17
左旋,17
物理,17
繁多,17
资方,17
彳亍,17
配镜,17
蓓翔,17
人口老龄化,17
过渡,17
人类,17
更新换代,17
塑形,17
履行职责,17
豪客,17
泰科立,17
早期,17
数据分析,17
公室,17
本科,17
PTE,17
佛山市,17
挂牌,17
承租,17
为准,17
金华,17
联邦,17
排量,17
全国性,17
眼前,17
能链,17
华泰,17
及类,17
港元,17
康桥,17
货物,17
两大,17
华西,17
税务,17
第一个,17
近几年,17
铸就,17
发力,17
上半,17
青年,17
可达,17
维尔,17
国金,17
科天,17
全自动,17
内资,17
毛刺,17
皇锦,17
积金,17
更是,17
亮化,17
本溪,17
清晰,17
尔多,17
细节,17
合约,17
准确性,17
公积金,17
作业,17
县级,17
异常,17
防疫,17
动用,17
先进设备,17
提效,17
日均,17
期末数,17
域性,17
分成,17
抖音,17
分支机构,17
固态,17
民用飞机,17
下级,17
证券法,17
票面,17
严格遵守,17
服务项目,17
理论,17
投资总额,17
洗墙,17
贴近,17
财务管理,17
广发,17
Bhd,17
奶油,17
零配件,17
坚守,17
cnin,17
时点,17
下发,17
沾化,17
集资,17
谈论,17
为例,17
群岛,17
解除,17
余个,17
人寿,17
PERC,17
助推,17
质控,17
全身,17
门市,17
高中,17
依赖,17
贫困人口,17
生存,17
巨头,17
投身,17
国内汽车,17
广电,17
属性,17
摩擦,17
已新,17
市场潜力,17
级别,17
中共中央,17
救助,17
困人,17
吉首市,16
古城,16
韶关市,16
住房,16
营口市,16
韧性,16
荆州市,16
吉首,16
优视,16
机床,16
匠心,16
归属于,16
相关者,16
外贸,16
第五届,16
国人,16
加热,16
起步,16
局级,16
事务所,16
优良,16
用药,16
综合型,16
审慎,16
十二次,16
产流,16
第十二,16
生产流程,16
生育,16
新台阶,16
习惯,16
两家,16
ISO13485,16
假日,16
偿还,16
桥梁,16
顺延,16
次数,16
ninfo,16
毕业生,16
刘浩,16
自贡市,16
攻关,16
学术交流,16
否是,16
实质性,16
宜春,16
建造,16
个体化,16
永州市,16
紧抓,16
优秀人才,16
期初数,16
爱眼,16
泸州市,16
具体情况,16
共性,16
技术支持,16
修改,16
民用航空,16
利源,16
普洱,16
十多,16
京东,16
兼容,16
兴起,16
中国农业银行,16
影视,16
内外部,16
载体,16
浓度,16
步入,16
单辆,16
节能型,16
小排量,16
上半年,16
扁平,16
供求,16
海关,16
抵御,16
经济社会,16
市场推广,16
申请材料,16
否非,16
上涨,16
近期,16
账款,16
联体,16
残疾,16
专卖店,16
报警,16
穿戴,16
商店,16
梳理,16
压铸模,16
铸模,16
托年,16
4G,16
自由,16
研爱朋,16
用电器,16
黑龙江省,16
控制技术,16
外观设计,16
聚阳,16
生效,16
000TCL,16
缺乏,16
必达,16
5GW,16
主持,16
库存量,16
分业,16
图谱,16
快消,16
跨越式,16
神木,16
合作开发,16
瑞智,16
家用电器,16
公司章程,16
控制器,16
保税,16
特性,16
cn2014,16
国能,16
清理,16
恒康,16
亮点,16
技术升级,16
深层,16
常规,16
喀左,16
承诺函,16
充电,16
香港联交所,16
口味,16
达标,16
本年,16
全域,16
油车,16
覆盖率,16
建档,16
智能网,16
联交所,16
产品组合,16
生物医药,16
南充市,16
希望,16
美洲,16
密度,16
升值,16
喻子,16
产品价格,16
生产商,16
崇左,16
办公室,16
平安,16
弘扬,16
崇左市,16
药房,16
紧紧围绕,16
整机,16
颜色,15
领袖,15
六个,15
信息管理系统,15
亿人,15
企业家,15
首批,15
研究生,15
首位,15
清徐,15
永久,15
T6,15
生物科技,15
民法,15
第六次,15
债务人,15
面向未来,15
弱酸性,15
弱酸,15
一带,15
市场价,15
光灯,15
高渗,15
新辉,15
承诺书,15
优点,15
趋严,15
和平,15
统联,15
愈加,15
追踪,15
领跑者,15
社会效益,15
BVI,15
诉求,15
各界,15
接近,15
先发,15
装机容量,15
实际行动,15
中重度,15
发放,15
公账,15
司业,15
公司业绩,15
黄冈市,15
江阴市,15
奖项,15
汽油,15
聚华,15
品牌战略,15
等待,15
陈邦,15
增多,15
信用等级,15
公斤,15
ICL,15
服务行业,15
标签,15
工业园区,15
乌鲁木齐,15
区域性,15
发展势头,15
身心,15
达州,15
行业龙头,15
轻工业,15
自治县,15
中国国情,15
竞价,15
纠正,15
轻工,15
真实,15
五个,15
旗舰,15
大数,15
最为,15
一整套,15
整套,15
多款,15
孝感市,15
护眼,15
双向,15
备注,15
产品名称,15
形态,15
年内,15
一整,15
IKD,15
ICU,15
产品名,15
回升,15
月阳能,15
奋斗者,15
按计划,15
成分,15
视听,15
LTPS,15
软硬,15
深交,15
下一代,15
深交所,15
医疗保障,15
现状,15
某型,15
筋膜,15
22B,15
所在地,15
高温,15
产品品质,15
民族,15
建军,15
产品数量,15
品数,15
四次,15
第十四,15
中国专利,15
审评,15
还会,15
美的,15
股东会,15
人体,15
下企,15
十余年,15
提质,15
耳鼻喉科,15
小型化,15
科学技术,15
切合,15
冠状病毒,15
整备,15
非公,15
矛盾,15
单体,15
赛峰,15
熔化,15
短期内,15
建投,15
市场营销,15
中国证券监督管理委员会,15
制成,15
影院,15
综合利用,15
市场前景,15
心理,15
源自,15
体量,15
及叠瓦,15
灯杆,15
潮流,15
数据中心,15
准确率,15
引发,15
诊断系统,15
验光,15
Genesis,15
南通市,15
报关,15
出新,15
最初,15
百万,15
密切合作,15
应付款,15
行者,15
姓名,15
丙基,15
日后,15
商务部,15
甲基,15
门诊量,15
金牌,15
数据库,15
发改委,15
受托人,15
行使,15
说明书,15
纤维素,15
鄂尔多,15
滨州市,15
建档立卡,15
血管,15
开展业务,15
杠杆,15
节奏,15
募计,15
场所,15
AIMER,15
冠军,15
积极响应,15
浙能,15
齐全,15
受让,15
促使,15
高峰,15
高峰论坛,15
湘西,15
不良,15
稳步增长,15
泌阳县,15
医疗保险,15
摘要,15
据库,15
商行,15
抓手,15
病症,14
几个,14
许昌市,14
每日,14
录用,14
常用,14
对价,14
努力实现,14
寻找,14
保养,14
菏泽市,14
严控,14
更具,14
筹资,14
纤维化,14
新机遇,14
时段,14
全系列,14
岳阳,14
满族,14
研讨,14
TFT,14
对标,14
量子,14
仪器,14
名列,14
Nadcap,14
排气,14
未提,14
第三期,14
增添,14
工艺流程,14
回报率,14
模具设计,14
痛点,14
宜章县,14
暨南,14
大众,14
吕廷杰,14
节余,14
万人,14
电大,14
科研成果,14
醴陵,14
唐山,14
会长,14
多种形式,14
SCI,14
收录,14
习近平,14
慧谷,14
风光,14
新余,14
八次,14
愿景,14
切入,14
脑电,14
增幅,14
日议,14
课程,14
经开区,14
分阶段,14
学历教育,14
合烁,14
多维度,14
供电,14
废物,14
技术转让,14
转包,14
跨境,14
院线,14
研成,14
重塑,14
刊登,14
欠款,14
跨界,14
十多年,14
第八,14
郑州市,14
阿里巴巴,14
标杆,14
国际贸易,14
高强,14
钛合金,14
大幅提高,14
贬值,14
违规,14
平板,14
安全事故,14
临夏,14
环境污染,14
可可粉,14
集团公司,14
多斯,14
BIPV,14
贡献奖,14
博世,14
月底,14
消化,14
驱动力,14
浩特,14
诚实,14
北市,14
伊川县,14
允面,14
十一次,14
呼和浩特,14
迈奔,14
七天,14
高值,14
功能模块,14
旅游,14
陵县,14
户外,14
借力,14
金能,14
市政,14
勤勉,14
人士,14
行动计划,14
天地,14
保险业,14
原创,14
淮北市,14
重要性,14
磨盘,14
延展,14
训练营,14
灯带,14
回落,14
不定期,14
眼球,14
药店,14
兰州市,14
化器,14
加盟,14
AAA,14
首席,14
产品安全,14
宜昌市,14
革新,14
郴州市,14
淄博市,14
免疫,14
医蕙,14
守信,14
最优化,14
RVO,14
通路,14
剂量,14
招商银行,14
港澳,14
有机物,14
预见,14
邮电,14
洗衣,14
职能部门,14
走势,14
本期发生,14
节假,14
两种,14
存入,14
学组,14
1GW,14
不断创新,14
尖端,14
第一次,14
小规模,14
医学会,14
难题,14
采购计划,14
考察,14
认缴,14
微量,14
战斗力,14
生产量,14
通知书,14
PE,14
一季度,14
中科,14
客观,14
西部,14
交易市场,14
壹号,14
刘靖基,14
阿里,14
品牌优势,14
节假日,14
劳动力,14
完结,14
公平性,14
华睿,14
国鑫,14
万家,14
变速,13
湖州市,13
软硬件,13
孝义市,13
流动资产,13
太子,13
三废,13
超声,13
金佳,13
发光,13
以内,13
终身,13
本世纪,13
OSA,13
段时间,13
负担,13
日次,13
废品率,13
债权人,13
三四,13
落后,13
向往,13
交银,13
整体效益,13
及大,13
工艺性,13
势能,13
申万,13
业务流程,13
售前,13
涌现,13
铝材,13
荆门市,13
日司,13
专人,13
中生,13
东吴,13
续航,13
现金管理,13
AEO,13
制备,13
三板,13
万片,13
租赁期,13
偏好,13
技术培训,13
用眼,13
构筑,13
t3,13
独立式,13
立式,13
试产,13
冷却系统,13
收款,13
关心,13
第七次,13
样本,13
称为,13
积分,13
宁夏,13
大数据分析,13
自然人,13
语音,13
门槛,13
泰兴,13
适度,13
管委,13
线条,13
书记,13
优质产品,13
建立健全,13
少量,13
出资额,13
范性,13
引才,13
感受,13
专业技能,13
音视,13
违反,13
精英,13
值值,13
价价,13
切换,13
皮下,13
大城,13
商飞,13
科学技术部,13
解决问题,13
小微,13
不到,13
技术部,13
两类,13
先机,13
峰值,13
有营,13
铝制,13
彩梦,13
民事,13
遍布,13
可调,13
周转,13
成本费用,13
日限,13
一线品牌,13
崛起,13
应变,13
党组织,13
并行,13
党组,13
管理工具,13
意外,13
EPC,13
客服,13
非正常,13
成本费,13
系统性,13
病房,13
nfo,13
过剩,13
紫光,13
前述,13
保驾护航,13
护航,13
管理局,13
导师,13
美誉,13
退休,13
港区,13
并举,13
矫治,13
所作,13
职员,13
保驾,13
大邱,13
大邱庄,13
参考,13
大类,13
顺风,13
在职员工,13
地级,13
试点工作,13
政策措施,13
焊接,13
引资,13
亏损,13
广播,13
湛江,13
经营性,13
十二个,13
医疗事故,13
进口设备,13
日益突出,13
承德县,13
徐汇,13
千万,13
佳视,13
五大,13
徐闻,13
承制,13
多名,13
经验丰富,13
资金来源,13
低迷,13
供求矛盾,13
环境污染问题,13
初心,13
机队,13
带教,13
链条,13
协商,13
既有,13
拨付,13
打下,13
二氧,13
简要,13
暨南大学,13
保持良好,13
杜绝,13
大连市,13
子项目,13
五是,13
子项,13
密集型,13
围场,13
动力性,13
邓鹏,13
数字家庭,13
靶控,13
深孔,13
万余,13
合格率,13
制下,13
引智,13
尽可,13
投资人,13
明星,13
教育部,13
投放,13
绍武,12
透明度,12
生态系,12
生态系统,12
商品销售,12
保存,12
展现出,12
人民银行,12
利润总额,12
明度,12
限值,12
脂耐,12
签约,12
提货,12
武安市,12
武安,12
东莞市,12
心智,12
样品,12
承受,12
巨人,12
集约,12
启航,12
朝阳市,12
产值,12
洛阳,12
部级,12
省部级,12
国家标准,12
info,12
独具特色,12
共创,12
触发,12
党员,12
cni,12
纪念,12
底线,12
升高,12
廊坊,12
少数几,12
远高于,12
降低生产,12
狠抓,12
质量第一,12
工业协会,12
内需,12
开曼,12
自查,12
先锋网,12
奶牛,12
发出,12
完工后,12
微生,12
月度,12
西北地区,12
借入,12
分层,12
关键因素,12
云达,12
收率,12
本部,12
评定,12
新工艺,12
轻型,12
万件,12
完备,12
本地化,12
手术室,12
加拿,12
加拿大,12
大城县,12
当日,12
权益法,12
党委,12
四期,12
微生物,12
加值,12
城镇化,12
第四季,12
废旧,12
更高,12
因未,12
清单,12
小时,12
高桥镇,12
认同,12
简易,12
日为,12
参与方,12
自律,12
经典,12
合作方,12
转正,12
第三季,12
冷饮,12
脆弱,12
并发,12
学者,12
创立,12
可及,12
沉淀,12
晋中市,12
介入,12
传达,12
文章,12
变现,12
发掘,12
第四季度,12
开发新,12
碳达峰,12
白山,12
定边,12
另一类,12
碳诺,12
国籍,12
C919,12
玻璃,12
投本,12
合体,12
重心,12
大力支持,12
梅山,12
OICA,12
上饶,12
聚力,12
残联,12
分项,12
十七次,12
含量,12
大国,12
宣教,12
岗位职责,12
开工,12
目录,12
加权,12
错配,12
下调,12
构设,12
聚能,12
酷兜,12
待售,12
成就,12
九次,12
抛光,12
知晓,12
协议书,12
危险废物,12
色彩,12
内江,12
宜宾,12
住院治疗,12
草案,12
富裕,12
意愿,12
奖金,12
二十大,12
精河,12
制冷,12
深度学习,12
为辅,12
覆盖面,12
起到,12
ME,12
雪狐,12
远期,12
规避,12
标的,12
静脉,12
电驱,12
益生菌,12
多渠道,12
复制,12
平米,12
大额,12
任保,12
盐水,12
第十三,12
南方,12
中小学,12
中信证券,12
购物中心,12
增发,12
早日,12
保温,12
岳麓,12
居家,12
QLED,12
增长速度,12
中南大学,12
修复,12
衡量,12
进取,12
北部,12
电价,12
极小,12
定点,12
造纸,12
T1,12
优质服务,12
控系统,12
中国银行,12
非手术,12
线性,12
桂林,12
一位,12
产成品,12
华显,12
一中,12
增值税,12
仁和,12
靖远,12
绥滨,12
查询,12
光效,12
引擎,12
自研,12
IPO,12
全面实施,12
身心健康,12
一套,12
枣庄,12
厂家,12
眼后,12
管理权,12
过户,12
新生,12
隐形,12
网爱,12
证券公司,12
稳步发展,12
几家,12
临床医学,12
泉州,12
GB,12
虚假,12
深爱,12
贴息,12
记载,12
半年度,12
日任,12
被购,12
盈利模式,12
日益增长,12
主任委员,11
此基础,11
新康,11
投入资本,11
耐腐,11
十个,11
学术活动,11
尽责,11
一中院,11
会计准则,11
低龄化,11
中院,11
医科,11
最低,11
酷之动,11
陈述,11
企业宗旨,11
A型,11
误导性,11
七十,11
记账,11
误导,11
工信部,11
收入水平,11
消品,11
废气,11
网联,11
供需,11
低温,11
脉冲,11
环比,11
入水,11
信能,11
浦东,11
iPainfree,11
资阳,11
原辅料,11
做法,11
省份,11
本位,11
朝阳区,11
t1,11
优势互补,11
酷众,11
制作,11
即时,11
接受度,11
航空工业,11
空白,11
预收,11
各单项,11
延长,11
规范性,11
配套工程,11
镇江,11
浏阳,11
医科大,11
西北部,11
第一季,11
平乡县,11
理事,11
爱艺,11
音视频,11
网格,11
低龄,11
稳岗,11
物品,11
平乡,11
考验,11
创造性,11
油脂,11
全轩,11
整形,11
第四个,11
国华,11
变速箱,11
肌肉,11
专业人才,11
遗漏,11
挤压,11
业务范围,11
中型,11
委托方,11
打击,11
迎接,11
盘活,11
年轻人,11
BHD,11
明朗,11
对手,11
规程,11
活期,11
投光灯,11
院校,11
账面,11
市场部,11
场部,11
外协,11
城乡,11
专科医院,11
保险代理,11
紧密联系,11
对口,11
益型,11
科大,11
零售总额,11
龙头企业,11
高标准,11
能为,11
发病率,11
结构设计,11
高标,11
适时,11
首要,11
循证,11
已收,11
出色,11
销售费用,11
活期存款,11
盈亏,11
河南省,11
检查和,11
爱尔视光,11
历程,11
触感,11
零售额,11
肉毒,11
肉制品,11
毒素,11
东芝,11
月末,11
编写,11
GDP,11
大势,11
深耕细作,11
居留,11
有效率,11
薄壁,11
ARJ21,11
居留权,11
七届,11
质量方针,11
IAI,11
宜城,11
环发,11
榆林,11
逐步完善,11
来料,11
数据处理,11
纠纷,11
高强度,11
转制,11
激光,11
血压,11
补短,11
类用,11
所持,11
植物,11
指挥,11
较晚,11
三足,11
宏源,11
31B,11
人心,11
吸纳,11
植入式,11
流出,11
第十节,11
干扰,11
流行,11
忠实,11
符合国家,11
详细,11
冷藏,11
大同,11
十节,11
铣刀,11
中医,11
活性,11
人力资源部,11
北京邮电大学,11
成绩,11
深知,11
功能定位,11
智联,11
专业性,11
否与,11
复旦,11
专利产品,11
全民,11
贫困地区,11
达标排放,11
平化,11
名单,11
伊阳,11
卡斯,11
雾化,11
峰会,11
提到,11
医药卫生,11
好坏,11
孩子,11
券商,11
个体差异,11
首创,11
降幅,11
近三年,11
知识图谱,11
置换,11
蛋白,11
局限,11
识图,11
ISO14001,11
奋斗目标,11
柴油,11
最早,11
发点,11
饱和,11
剧烈,11
一致性,11
酒店,11
端到,11
超越,11
守法,11
开创,11
产品成本,11
扁平化,11
落脚,11
证明,11
缓慢,11
出发点,11
过渡期,11
贵港,11
炎症,11
暂时,11
薪资,11
适应症,11
减去,11
机械设备,11
在建,11
职业技能,11
剥离,11
OTT,11
省域,11
用人,11
违法,11
点亮,11
生态环境,11
东华,11
浪潮,11
分红,11
定向,11
中小学生,11
常温,11
献血,11
表达,11
权力,11
高位,11
思科,11
排放量,11
CRM,11
号机,11
区间,11
欧盟,11
财政部,11
金属制,11
客厅,11
巨潮资,11
下沉,11
权限,11
用工,11
国盛,11
电话会议,11
电话会,11
商城,11
嘉兴,11
招股,11
太平,11
建有,11
物料,11
智光,10
问询,10
同等,10
规模较,10
不由,10
暂时性,10
易地,10
平面,10
饮食,10
金融风险,10
特效,10
鞍山,10
均价,10
欧洲地区,10
瑞神安,10
排放口,10
战略伙伴,10
香港地区,10
专门从事,10
管理体制,10
乌兰察,10
招标,10
迅猛,10
相匹配,10
处方,10
再融资,10
刚性,10
借着,10
及交,10
廊坊市,10
盖世,10
酸奶,10
GE,10
少数几家,10
旺盛,10
速递,10
本源,10
肿瘤,10
整治,10
展期,10
回复,10
战场,10
爱康株,10
新力,10
参照,10
显微镜,10
受限,10
干眼,10
社会保障,10
显微,10
多点,10
甘肃兰州,10
低端,10
亿千瓦,10
创新力,10
聚集,10
洗衣机,10
美誉度,10
4K,10
本位币,10
职称,10
流转,10
标准件,10
未有,10
高压,10
说明会,10
清远市,10
马勒,10
基因,10
时所作,10
立足于,10
计委,10
并网发电,10
瑞尔,10
乌兰察布,10
已到,10
全科,10
接轨,10
压缩机,10
绝大,10
证券交易,10
爱尔英智,10
打鼾,10
取决,10
四子王旗,10
取决于,10
总重,10
管委会,10
经营规模,10
成人,10
总会,10
之内,10
上呼吸道,10
鲜明,10
规格型号,10
穿刺,10
凭借着,10
体征,10
酷联,10
斯特,10
晶体,10
净值,10
调配,10
大兴,10
汇兑,10
利得,10
千瓦时,10
富有,10
资本金,10
股比,10
发生变化,10
工作日,10
中诚信,10
迪拜,10
申请专利,10
电路,10
生变,10
怡科,10
届满,10
电光源,10
有色金属,10
声誉,10
导热,10
二季,10
革命,10
病理,10
眼镜,10
发言,10
行业性,10
废水处理,10
有色,10
阻塞,10
单个,10
赎回,10
上海证券交易所,10
保监会,10
纳西,10
移植,10
发货,10
鼻塞,10
限度,10
变性,10
俞国华,10
著名商标,10
工商行,10
月仲经武,10
怡荣,10
军事,10
督查,10
人化,10
中期,10
保持高速,10
西州,10
防盲,10
综合国力,10
国力,10
热点,10
环评,10
兰克,10
余项,10
基石,10
下述,10
随访,10
第一季度,10
可变,10
蛋糕,10
公月,10
酷脉,10
负有,10
生银,10
建筑面积,10
第三季度,10
基础性,10
十六次,10
先行者,10
居于,10
华州,10
集体,10
吴晓波,10
手册,10
列入,10
明灯,10
江陵县,10
照明灯,10
服务型,10
拆解,10
九江市,10
清算,10
机遇期,10
涉诉,10
流媒体,10
工艺水平,10
计算方法,10
之下,10
专利技术,10
一款,10
东区,10
特拉华,10
宜春市,10
蚌埠市,10
多重,10
破坏,10
第十二次,10
强有力,10
良率,10
代销,10
接触,10
特拉,10
恒温,10
加热器,10
ISEC,10
更广,10
新币,10
三批,10
金业,10
多晶,10
千亿,10
英国,10
落脚点,10
半片,10
本溪市,10
卫健委,10
放大,10
小剂量,10
小剂,10
特拉华州,10
工商联,10
年前,10
汇集,10
五次,10
消费结构,10
分派,10
挂钩,10
研讨会,10
公正,10
电讯,10
总书记,10
布拖,10
非洲,10
巴西,10
榆神,10
蕾丝,10
劳动法,10
作品,10
到来,10
集团化,10
而金,10
考量,10
小红书,10
出让方,10
石油,10
承压,10
新西兰,10
西兰,10
布拖县,10
腐蚀,10
单据,10
清偿,10
所属,10
爱尔中钰,10
内功,10
爱普凯信,10
公路,10
田纳西州,10
修饰,10
面料,10
总重量,10
男士,10
日以,10
变形,10
计量单位,10
切割,10
冷水,10
金石,10
触达,10
未上市,10
双峰,10
全面推行,10
田纳西,10
未上,10
城区,10
烟台市,10
进军,10
无棣县,10
Limited,10
科主任,10
整体优势,10
陇西,10
收缩,10
切入点,10
需求量,10
创脑,10
年全,10
鼻息肉,10
中文,10
红十字会,10
市爱康,10
向前,10
雾化器,10
序贯,10
纽约,10
公里,10
故事,10
加码,10
远景,10
增至,10
科技成果,10
白银,10
筹建,10
息肉,10
创建,10
诞辰,10
残疾人,10
鼻息,10
部委,10
入手,10
售出,10
深受,10
长新能,10
沿海,9
战略意义,9
援助,9
有益,9
电子科,9
翼状,9
此类,9
爱尔康明,9
分摊,9
前所未有,9
素养,9
估算,9
系本,9
出院,9
国家税务总局,9
六十,9
在短期内,9
前所,9
表面质量,9
气候,9
扩能,9
核查,9
电子科技,9
冲突,9
联合体,9
稳妥,9
再创,9
租方,9
区域化,9
劳动保护,9
腐蚀性,9
曾任,9
区级,9
微博,9
公关,9
分体,9
二十八,9
碳化,9
Canalys,9
致盲,9
两翼,9
操作程序,9
就近,9
设计方案,9
副董事长,9
十三次,9
第十三次,9
东兴,9
长盛,9
盛洪,9
焊带,9
修编,9
调光,9
隧道,9
否是务,9
日元,9
华宝,9
爱康实,9
为民,9
之际,9
多晶硅,9
金茂,9
高性,9
誉称,9
荣誉称号,9
第十一,9
100MW,9
两次,9
承兑,9
领导力,9
私人,9
二季度,9
半数以上,9
网格化,9
挥发,9
挥发性,9
创新性,9
集约化,9
爱众,9
工作效率,9
凯辰,9
汇票,9
新凯辰,9
第九,9
完整性,9
大同市,9
适应性,9
应诉,9
债权债务,9
MMPs,9
承兑汇票,9
副董,9
噪声,9
巴彦,9
科技部,9
常务,9
体重,9
示范区,9
赚取,9
出资人,9
拆放,9
事务管理,9
酷沃,9
环境监测,9
缴存,9
县域,9
元氏,9
元氏县,9
养老保险,9
显示器,9
镇赉,9
镇赉县,9
同质化,9
同质,9
沭阳,9
空气,9
爱尔康,9
智能客服,9
相互促进,9
克莱,9
代理商,9
组长,9
增大,9
视频产品,9
订立,9
集成式,9
深超,9
国药,9
幼儿,9
开设,9
A股,9
卡斯尔,9
莱特,9
售电侧,9
数字电,9
数字电视,9
遗留,9
现已,9
新城,9
从根本上,9
币种,9
克莱特,9
湘潭县,9
逻辑,9
卫星,9
买断,9
附加值,9
参与者,9
螺旋,9
冰箱,9
件产品,9
专利申请,9
元年,9
牢固,9
自由选择,9
无序,9
不计,9
天使,9
体式,9
中国区,9
比达,9
推陈出新,9
书籍,9
地下,9
增长期,9
收费,9
电费,9
经济波动,9
灭菌,9
保持一致,9
秘书,9
十堰,9
抗疫,9
柴油车,9
轻质,9
财经,9
杭州市,9
回收率,9
创始,9
创始人,9
百家,9
加香,9
经纪,9
轻型车,9
远距离,9
远距,9
上海复旦大学,9
c2022,9
计学,9
用光,9
混合物,9
市场趋势,9
货车,9
分仓,9
深入人心,9
补充协议,9
垄断利润,9
客音,9
管理控制,9
主席,9
腾讯,9
耐特,9
国家火炬计划,9
火炬,9
常见,9
甄别,9
WIND,9
北京华,9
军工,9
京华,9
脂黑,9
JLMedical,9
利用自身,9
概率,9
明细,9
品种繁多,9
崇仁县,9
厂区,9
存栏,9
家口,9
前端,9
售价,9
既定,9
黏性,9
最快,9
认可度,9
共担,9
研判,9
权责,9
张家口,9
车辆,9
崇仁,9
辞退,9
镁合金,9
江门,9
开源,9
英属,9
果蔬,9
亮度,9
十四次,9
便利化,9
淖尔,9
购回,9
发展局,9
消费市场,9
搭载,9
乐享,9
好转,9
领先者,9
当年,9
股票交易,9
陷入,9
办事,9
加重,9
公共卫生,9
后及,9
配用,9
慧诚,9
第三批,9
敷料,9
同类产品,9
专题,9
三际,9
加大力度,9
第七十,9
扩容,9
并未,9
晶状,9
摸索,9
马鞍山,9
马鞍,9
院内,9
科技局,9
医患,9
敏伴,9
控制措施,9
议无无月,9
无月,9
一段,9
保险金,9
形势严峻,9
办事处,9
CSR,9
长效,9
麦格纳,9
首个,9
经营收入,9
承包方,9
计息,9
中科院,9
中华医学会,9
降重,9
减耗,9
优品,9
Mahle,9
宁乡县,9
黄陂,9
十分重视,9
开福区,9
消耗量,9
350kg,9
存续,9
各亚,9
收盘价,9
收盘,9
中国民生银行,9
相半,9
高固,9
商务局,9
新形势下,9
人民军,9
人民军队,9
骨干,9
四川省,9
为先,9
天心区,9
关键件,9
天心,9
期化,9
存货,9
来料加工,9
整理,9
总价,9
同仁,9
软组织,9
病学,9
修订稿,9
任意,9
货币政策,9
人寿保险,9
位数,9
条例,9
正定,9
通化,9
联名,9
生物制品,9
星光,9
三家,9
新动力,9
制药,9
副作用,9
收窄,9
康保,9
蔓延,9
耕耘,9
华纳,9
宣告,9
突出贡献,9
文胸,9
高层,9
资金投入,9
重大项目,9
大项,9
研究成果,9
岗位补贴,9
高技,9
遍及,9
理工大,9
脊髓,9
工大,9
菱建,9
商会,9
捐款,9
过敏原,9
宏润,9
活跃度,9
巴彦淖,9
巴彦淖尔,9
义诊,9
社会保险,9
领导小组,9
商圈,9
招商引资,9
摆脱,9
边地,9
武汉大学,9
海兴,9
周边地区,9
休息,9
湖北省,9
校企,9
衰减,8
多导,8
书写,8
一到,8
成熟期,8
余台,8
北美地区,8
不及,8
商业化,8
新招,8
本币,8
离退,8
刷新,8
紧紧抓住,8
顶级,8
Bosch,8
发展期,8
Continental,8
引流,8
整期,8
万美元,8
缅甸,8
高发,8
复杂化,8
小幅,8
无人化,8
告知,8
鼾声,8
愈发,8
延吉,8
大棚,8
调整期,8
提振,8
双循环,8
神光,8
执行力,8
年讯网,8
延迟,8
待遇,8
中心化,8
50kg,8
新理念,8
力系,8
网络通信,8
超出,8
离退休,8
小康,8
179kg,8
山大,8
不间断,8
Magna,8
柯东,8
校园,8
硅片,8
第十四次,8
九大,8
区内,8
备案号,8
碳素,8
论证,8
颗粒,8
产市,8
热爱,8
该次,8
所得,8
养殖,8
第十六,8
危及,8
锅炉,8
变焦,8
关键环节,8
优异,8
声音,8
酷陕,8
前茅,8
体检,8
Medline,8
充分调动,8
LCOE,8
编程,8
质量检验,8
万司,8
华润,8
晶状体,8
工伤,8
AKiChaser,8
转回,8
COD,8
晶硅,8
散热,8
更换,8
按年,8
APQP,8
名列前茅,8
PPAP,8
应付账款,8
国库,8
可追溯,8
六节,8
店商,8
铝液,8
辛迪,8
乐观,8
病例,8
快捷,8
中所,8
晋升,8
应予,8
需求预测,8
TOTM,8
质量部,8
受新冠,8
付账,8
第六节,8
资产重组,8
配光,8
角色,8
往来,8
乐潮,8
酷亿,8
联通,8
演化,8
红品,8
休假,8
取代,8
舍弗勒,8
驰名商标,8
Schaeffler,8
DMX512,8
汇总,8
亮灯,8
监护仪,8
驰名,8
交期,8
中国香港,8
白天,8
AluminumTransportationGroup,8
优才,8
版型,8
二十年,8
同受,8
不利因素,8
亮瞳,8
工学,8
傲罗迈,8
新安,8
蛇口,8
蔡甸,8
江夏,8
并存,8
红谷,8
仪征,8
高等,8
仪征市,8
之路,8
保障体系,8
泽宇,8
雷达,8
兰卡,8
损耗,8
慧喆,8
水江,8
休息日,8
征求,8
四家,8
YIHAOJI,8
工程硕士,8
天电,8
征求意见,8
行列,8
PT,8
优胜劣汰,8
乐金,8
如遇,8
首都,8
飞越,8
预留,8
案件,8
血液,8
自贸区,8
柑桔,8
水溶性,8
溶性,8
水溶,8
高浓度,8
Alcatel,8
水滴,8
松原市,8
慧泉,8
祥卓,8
否科,8
澳门,8
按规定,8
富国,8
抑制,8
无缝,8
产者,8
市场供应,8
正定县,8
定县,8
帮扶,8
互通,8
学苑,8
选人,8
渭南,8
影片,8
聊城,8
汇率变动,8
稳中,8
光通,8
生产者,8
嘉定区,8
常生,8
包容,8
地以,8
大力开展,8
患有,8
冷水江,8
拟将,8
动荡,8
融资券,8
开局,8
续期,8
状况良好,8
高盛,8
产业布局,8
日常生活,8
脆皮,8
蓬勃,8
设计师,8
滨海,8
地缘,8
沙龙,8
嘉定,8
明确指出,8
存续期,8
卡因,8
优胜,8
询价,8
倾力,8
民初,8
退行,8
中叶,8
保荐,8
向用,8
国家有关,8
监测技术,8
柯坪县,8
认知度,8
购买力,8
ZZB,8
联合开发,8
升级换代,8
天女,8
卢鹏,8
---------,8
几何,8
中游,8
太仓,8
华联,8
施加,8
准点,8
资疗,8
ROAD,8
信念,8
百强,8
二批,8
第二批,8
前移,8
邀请,8
可食用,8
专利号,8
税收,8
理事长,8
更正,8
代谢,8
奶粉,8
嘉盛,8
试用,8
上证,8
补助款,8
中级,8
其所,8
玉溪,8
科技进步,8
月初,8
柳州市,8
刺激器,8
面向用户,8
理科,8
新闻,8
法兰,8
法兰克,8
日话,8
管理科学,8
法兰克福,8
百花齐放,8
齐放,8
伏发,8
预自建,8
基准点,8
百花,8
米兰,8
当选,8
高级人民法院,8
管理科,8
远程教育,8
亿千瓦时,8
代理人,8
出行,8
分解,8
补贴款,8
成飞,8
OA,8
行之有效,8
利文,8
储存,8
沙利文,8
做优,8
榆林市,8
扩产,8
高附加值,8
所用,8
三位,8
历届,8
丹阳市,8
云阳,8
位居,8
非法,8
上海浦东发展银行,8
人口数,8
咨询服务,8
支线,8
三种,8
万港元,8
人事部,8
有人,8
国有企业,8
三大类,8
亮视长,8
巴林左旗,8
林左旗,8
巴林,8
至诚,8
思维,8
抵债,8
正确,8
出版,8
污水处理,8
机理,8
智驿,8
变化趋势,8
金属制品,8
购置,8
出入,8
家人,8
一名,8
家学,8
日升,8
动物,8
情绪,8
四十五,8
定型,8
第四十五,8
清科,8
严守,8
巡诊,8
行益型,8
积淀,8
开拓市场,8
榜单,8
醴陵市,8
安徽省,8
内在,8
耐腐蚀,8
超市,8
产业基地,8
精耕,8
精耕细作,8
初中,8
印度尼西亚,8
初中生,8
兴兆,8
鄂尔多斯市,8
压降,8
干预,8
计费,8
尼西,8
曲面,8
出入库,8
讲座,8
光照,8
皮书,8
况及,8
固镇县,8
华侨,8
镇县,8
泉州市,8
合力,8
固镇,8
视野,8
石化,8
放行,8
发式,8
食糖,8
总监,8
爆发式,8
昌江,8
第一阶段,8
回租,8
抓住机遇,8
全面完成,8
月间,8
名义,8
高效益,8
收视,8
女士,8
流行病学,8
计为,8
度电,8
暴露,8
困扰,8
国际形势,8
三合,8
三角,8
极致,8
仲裁,8
6S,8
专家学者,8
长时间,8
氧化物,8
流行病,8
国家人事部,8
若干,8
放在,8
低糖,8
西吉,8
汽车配件,8
吉县,8
地为,8
白水,8
稳中有,8
三合一,8
系统对,8
诉讼,8
跟进,8
保质,8
中美,8
真皮,8
元素,8
莘县,8
偏差,8
康保县,8
统战,8
西吉县,8
平等,8
合同法,8
倾斜,8
液晶电视,8
涡轮,8
深加工,8
药事,8
账号,8
国泰,8
韩城,8
依旧,8
深加,8
屈光性,8
深挖,8
韩城市,8
乐山,8
饲料,8
异议,8
顺利完成,8
泗水,8
零售店,8
经营范围,8
暂无,8
唐仕波,8
第五个,8
责份,8
发展壮大,8
阳新,8
器官,8
见成效,8
爱诚,8
筹备,8
液晶显示,8
前房,8
背书,8
喷嚏,8
医务人员,8
鼻唇,8
组组,7
工贸,7
二五,7
分期,7
信息流,7
宣城,7
一手,7
SDN,7
Li,7
度提高,7
细胞,7
十二五,7
装夹,7
收货,7
亿台,7
敏锐,7
第十五,7
官方,7
流涕,7
旗舰店,7
气管,7
自筹资金,7
长兴县,7
杰出,7
ESCRS,7
二合,7
兴县,7
一二三四五,7
老少边穷,7
老少,7
共同富裕,7
有证,7
第十次,7
二合一,7
AKiPower,7
大理,7
梧州,7
步骤,7
种植,7
组组长,7
大势所趋,7
及时发现,7
名牌,7
鲲鹏,7
大件,7
制控,7
功能设计,7
均系,7
AdvancedDrivingAssistanceSystem,7
年度人物,7
顽固,7
系数,7
浙江省,7
顽固性,7
金融体系,7
公认,7
粘膜,7
遗传,7
总值,7
LACLOVER,7
监测数据,7
生产总值,7
恶化,7
高额,7
万物,7
电网,7
电磁,7
边缘,7
一二三,7
BAPV,7
达峰,7
离合,7
汽油车,7
边缘计算,7
测数据,7
这部,7
另计,7
敬请,7
中枢,7
方案设计,7
销售总额,7
贵溪,7
初期,7
爱康电,7
创优,7
情感,7
商务信息,7
公非,7
佳兆业,7
视界,7
场地,7
思新,7
权威专家,7
三菱,7
过硬,7
良性循环,7
韩华,7
宽甸满族自治县,7
链接,7
较长时间,7
deC,7
盈余,7
超额,7
资金流,7
土壤,7
引致,7
易家通,7
大局,7
年龄段,7
两化,7
保密,7
华贵,7
首选,7
H股,7
乙烯,7
烯醇,7
聚乙烯,7
聚乙烯醇,7
填列,7
机电,7
宽甸,7
爱尔人,7
宝鸡市,7
地市,7
白皮,7
客户端,7
病理性,7
CSP,7
处分,7
亿股,7
细分化,7
市道,7
城市道路,7
注射液,7
青州,7
一贯,7
t4,7
常务会议,7
希杰,7
抗菌,7
管理者,7
中国科学院计算技术研究所,7
博鳌,7
阵地,7
白皮书,7
大肠,7
建筑物,7
宝鸡,7
笔记本,7
威海,7
笔记,7
布点,7
PH值,7
抚州,7
欧睿,7
产品升级,7
百货,7
迈向,7
秩序,7
瓶颈,7
批件,7
官彦萍,7
核准,7
人均产值,7
脉搏,7
开市,7
增长势头,7
长势,7
橡胶厂,7
比增,7
掌控,7
南海,7
仙桃,7
医尔,7
据弗若,7
各界人士,7
创祥,7
评报,7
辉新能,7
立志,7
竞技,7
电气化,7
最前沿,7
最前,7
追加,7
顶尖,7
二十一,7
同比增加,7
橡胶,7
封装,7
沪江,7
宣城市,7
技术壁垒,7
光通量,7
Inc,7
通量,7
近两年,7
万余家,7
海洋,7
薄弱,7
结构合理,7
妇幼,7
社会各界,7
不忘,7
强制,7
具体方法,7
挂号费,7
首款,7
金融监管,7
第二十一次,7
排查,7
乙二醇,7
共聚,7
共聚物,7
水肿,7
学家,7
模糊,7
博士生,7
南洋,7
奥鹏,7
蒙古族,7
围场满族蒙古族自治县,7
夜景,7
蓬勃发展,7
勃发,7
责任意识,7
抓好,7
下设,7
茶小开,7
交联,7
浅层,7
HACCP,7
山地,7
二十四,7
40MW,7
第二十四,7
果汁,7
精湛,7
气化,7
及时性,7
偿债,7
己酮,7
环己酮,7
代价,7
共同开发,7
年期,7
弃光,7
付出,7
华龙,7
推广应用,7
此项,7
总计,7
中本,7
变应性,7
乐城,7
基金业,7
饮用,7
运动会,7
彩梦物联,7
聚美,7
核算,7
腐败,7
廉洁,7
场次,7
商均,7
作价,7
备忘,7
丰眼,7
国开,7
芙蓉,7
法律责任,7
备忘录,7
乐意,7
武陵,7
陵区,7
基色,7
武陵区,7
双清,7
利息费用,7
均数,7
终端用户,7
平均数,7
食品药品,7
自检,7
分级管理,7
退坡,7
总金额,7
世界卫生组织,7
功能性,7
保障局,7
候选,7
鼻咽,7
候选人,7
能源管理,7
光子,7
及云,7
波澜,7
博格,7
资本运作,7
实现理想,7
唯品,7
音乐,7
爱尔迎,7
民智,7
选拔,7
寿光,7
着眼,7
AS9100D,7
县市,7
加工过程,7
弥补,7
需向,7
人民法院,7
切实做好,7
广州中山大学,7
北京同仁医院,7
麦地,7
万亿美元,7
仁医,7
人才资源,7
市场预测,7
价值链,7
很小,7
模态,7
谋发展,7
复杂性,7
吉林省,7
梦想,7
商铺,7
复工,7
范庆新,7
院感,7
保险经纪,7
用户至上,7
外方,7
期日,7
到期日,7
辽阳,7
倾向,7
酷烁,7
历史数据,7
灵活性,7
四化,7
酷鲁,7
生活品质,7
申舜,7
批量生产,7
叠瓦,7
内江市,7
房租,7
输液泵,7
人文,7
友好,7
技术参数,7
各家,7
乖乖,7
互认,7
助困,7
区域规划,7
大大提高,7
业经,7
抵抗,7
临床实践,7
符合条件,7
诊治,7
上海交通大学,7
益于,7
消毒,7
系统工程,7
主轴,7
坚实基础,7
自制,7
辅诊,7
入职,7
任本,7
表彰,7
仓库,7
尤为,7
放管服,7
协调员,7
弱势群体,7
增压,7
隐患,7
中国海关,7
二线,7
中国海,7
达产,7
工业用,7
试运行,7
试运,7
淘汰,7
采像,7
第二十八,7
备用,7
编辑,7
第四期,7
ZF,7
南美,7
采埃孚,7
量减少,7
负增长,7
弱势,7
月生,7
拼接,7
不断涌现,7
电性,7
危废,7
山子,7
实力雄厚,7
胬肉,7
家庭影院,7
语言,7
食品质量,7
行政处罚,7
进口产品,7
个人利益,7
洪涛,7
Borgwarner,7
眼科医生,7
资者,7
青山,7
海曙爱尔,7
品牌效应,7
任职期间,7
多地,7
应变能力,7
点播,7
对照,7
制衣,7
手动,7
贫困学生,7
动系统,7
城镇居民,7
西欧,7
高地,7
搭台,7
高分,7
志愿,7
作战,7
耐腐蚀性,7
守护,7
业务管理,7
6GW,7
牙膏,7
兼具,7
香皂,7
回暖,7
考试,7
关键性,7
唱戏,7
稳居,7
余种,7
着手,7
收购人,7
大中,7
收支,7
影视文化,7
持仓,7
年轻一代,7
市场监管,7
液体,7
本年度,7
去年同期,7
按键,7
输入量,7
里程碑,7
三十五,7
紊乱,7
这部分,7
计生,7
巨潮网,7
背光,7
电源,7
十八次,7
直营,7
开拓创新,7
CES,7
本案,7
正面,7
契约,7
消费水平,7
靶点,7
门将,7
十届,7
只能,7
铸铁,7
兜底,7
超期,7
第三十五,7
尽职,7
行性,7
服务器,7
公示,7
促成,7
稳固,7
科技含量,7
财务指标,7
关怀,7
开发周期,7
酷索,7
同台,7
对本,7
造型,7
撤销,7
务器,7
数据挖掘,7
美学,7
改制,7
愉悦,7
烘烤,7
事实,7
基准利率,7
就业机会,7
人体工学,7
一道,7
分步,7
谋求,7
年销售额,7
攻克,7
信用证,7
替代品,7
大道,7
迅猛发展,7
中国建设银行,7
国防科技,7
国防科,7
身份,7
和部,7
心力,7
爬坡,7
好评,7
社保局,7
危害,7
向心力,7
充满,7
工会,7
爱馨,7
保障部,7
向心,7
率达,7
化合,7
因子,7
NB,7
泰兴市,7
化合物,7
卫星通信,7
一同,7
尝试,7
多院,7
国建,7
网络覆盖,7
房水,7
病种,7
一段时间,7
综上,7
第十七,7
服装行业,7
累积,7
洗鼻,7
600MW,7
APR,7
MA700,7
陈志,7
汉阳,7
水中,7
上将,7
二三,7
公共服务,7
安信,7
维尔京,7
国信,7
新型材料,6
方达,6
方法论,6
控制软件,6
复性,6
如较,6
灾害,6
高举,6
信息沟通,6
利拉鲁肽,6
塑料,6
南山,6
笔记本电脑,6
特训营,6
第十六次,6
银河,6
鹏华,6
贡献者,6
延缓,6
固废,6
高性能,6
停电,6
200MW,6
高举高打,6
网通,6
安全可靠,6
改革方案,6
宜城市,6
举高,6
财通,6
职位,6
纺织品,6
额外,6
织品,6
小康社会,6
金控,6
第十一次,6
机器学习,6
宜宾市,6
逆势,6
人保,6
集控,6
企稳,6
略有,6
显示屏,6
学习型,6
覆盖范围,6
触控,6
脂肪,6
放宽,6
特训,6
制剂,6
出口量,6
吞吐,6
EHS,6
恶劣,6
缺相,6
银团,6
第四次,6
非常明显,6
第八次,6
电压,6
样板,6
资阳市,6
清徐县,6
科学管理,6
分辨率,6
辨率,6
照相,6
分辨,6
开关,6
相机,6
原则上,6
履职,6
收息,6
精益求精,6
手持,6
庆典,6
并发症,6
彩电,6
应交,6
肉类,6
太平洋,6
四方,6
得益于,6
泰安市,6
我市,6
熔化炉,6
脑科,6
Arum,6
仅限,6
诺尔,6
电脑科技,6
之有,6
技术储备,6
邹承慧本,6
响应速度,6
首期,6
ww,6
购货,6
合作项目,6
保费,6
文旅,6
严密,6
买入,6
雨花,6
送检,6
十五次,6
总烃,6
雨花区,6
切边,6
畅通,6
三十六,6
大幅度提高,6
嫩江,6
万限,6
基数,6
真空泵,6
真实性,6
分配利润,6
触多,6
测评,6
鄞州区,6
陈农,6
OEE,6
宽松,6
酷深,6
争夺,6
证书编号,6
容错性,6
容错,6
健康检查,6
实时性,6
复利,6
日用品,6
事业单位,6
洗牌,6
方大,6
年代,6
批发,6
迈进,6
概况,6
换人,6
价格合理,6
铸铁件,6
产政,6
吉特,6
林吉特,6
盟泽,6
盲目,6
第一类,6
得益,6
智翔,6
设计图,6
跨部门,6
氟化,6
氟化物,6
像素,6
裁定,6
服务部,6
征程,6
商标局,6
工商行政,6
必要性,6
北极,6
北极星,6
该案,6
溢价,6
税费,6
行为规范,6
周边产品,6
科莱,6
新华,6
潘家园,6
供销,6
标准文件,6
交流平台,6
服务中心,6
CTO,6
围场县,6
市政府,6
外商,6
面向市场,6
物排放,6
公有,6
管理策略,6
初显,6
果味,6
酸乳,6
软质,6
ARM,6
恒瑞,6
施策,6
美联,6
脂即,6
500TCL,6
附件,6
无效,6
东南亚地区,6
上饶市,6
期票,6
预后,6
专业分工,6
山体,6
典型,6
界面,6
地处,6
时效,6
部位,6
机翼,6
数控机床,6
一城,6
主导产业,6
镜片,6
中华民族,6
皮革,6
承担费用,6
中专,6
呈上升,6
鄂尔多斯,6
消纳,6
威联智创,6
中标,6
主料,6
统筹规划,6
分泌,6
副会长,6
会会,6
联席,6
P2P,6
暂未,6
联席会,6
方在,6
六大,6
经济带,6
零组件,6
否司,6
阳极,6
社会化,6
进口关税,6
聘请,6
预研,6
一號機,6
供应量,6
创造力,6
灰度,6
研发部,6
养成,6
劣势,6
成片,6
以地,6
华明,6
电镀,6
息化,6
LLC,6
总价值,6
招聘,6
防眩,6
白山市,6
不锈钢,6
不锈,6
亦可,6
精机加,6
协作单位,6
不善,6
喷漆,6
坚定不移,6
计生委,6
不移,6
T4754,6
领军者,6
更优,6
每万,6
四级,6
河南大学,6
天鹰,6
委等,6
强弱,6
项提,6
辛柯,6
英雄,6
起草,6
兵团,6
表情,6
责任书,6
实施细则,6
及线,6
快反,6
具体内容,6
西慧谷,6
正向,6
增长极,6
战略部署,6
战略部,6
Canoo,6
蔚来,6
NIO,6
悉尼大学,6
坚信,6
北爱,6
身体健康,6
体健,6
中金,6
即期,6
企划,6
无偿,6
硬膜外,6
很快,6
短板,6
各省市,6
致使,6
经济体,6
蒸汽,6
地级市,6
这是,6
预判,6
医疗纠纷,6
投资商,6
王均,6
思考,6
国资,6
拿下,6
妇产,6
行日,6
3D,6
退回,6
悉尼,6
酷耀,6
酷晋,6
频率,6
黄埔,6
制售,6
吴韬,6
嫁接,6
两站,6
多达,6
圈层,6
承运,6
承运人,6
喷涂,6
直线,6
美术,6
27B,6
克服,6
五轴,6
二十余,6
已增,6
血氧,6
运行机制,6
否林,6
科学研究,6
就业人数,6
贫困户,6
个数,6
迎合,6
牢记,6
很难,6
切除,6
扶贫开发,6
干线,6
特许,6
理学,6
眼疾,6
区隔,6
合理性,6
二十七,6
第二十七次,6
人因,6
独创,6
优盛,6
万州,6
项应,6
浦发,6
单价,6
ratio,6
磁县,6
困境,6
品佑,6
战斗机,6
运输机,6
军品,6
直观,6
电信号,6
群团,6
征收,6
服务费,6
放开,6
波及,6
护士,6
陈苗,6
乳糖,6
国防工业,6
朋众,6
征税,6
华科技,6
利得税,6
实丰,6
虽能,6
票据,6
地址,6
否已,6
制约,6
芙蓉区,6
分离,6
法定代表,6
降至,6
专业知识,6
100km,6
协作关系,6
担当,6
高可靠性,6
自觉,6
团结,6
香兰,6
信阳,6
邯郸,6
邢台,6
香兰素,6
爱耀,6
港澳地区,6
饼干,6
社群,6
生生,6
AWHealthcareManagement,6
一张,6
援外,6
学士,6
高阶,6
合适,6
第六十,6
GCP,6
代言,6
双高,6
上电,6
生生不息,6
不息,6
香味,6
日券报,6
生成,6
耳鼻咽,6
期满,6
博才,6
收获,6
张蕊,6
矫治器,6
会计学,6
鸿鹄,6
企业资质,6
二十多年,6
二十多,6
远离,6
国有资本,6
万全,6
金投,6
苏州地区,6
百千万,6
百千,6
高层次,6
飞跃,6
原奶,6
创新奖,6
决算,6
年限,6
多措,6
少女,6
出席,6
ROZU,6
提高效益,6
荣尊,6
飞利浦,6
镇海,6
爱尔新,6
新式,6
紧张,6
大内,6
扩大内需,6
国卫,6
弋阳县,6
使用期,6
化石,6
查验,6
尧舜,6
已变,6
内训,6
秘密,6
年轻化,6
木材,6
木材厂,6
不断丰富,6
抵销,6
弋阳,6
批文,6
佳兴,6
过度,6
cn2012,6
电致发光,6
一条,6
市长,6
五期,6
麦格,6
文化氛围,6
一盘,6
聚对,6
交换,6
附第,6
公开市场,6
严把,6
商业保险,6
对内,6
二氧化,6
合资经营,6
银川,6
世代,6
投资规模,6
找准,6
CODcr,6
付费,6
实训,6
调度,6
任用,6
全网,6
片区,6
央视,6
调性,6
大屏,6
民众,6
技术革新,6
安化,6
城市污水,6
满产,6
平均水平,6
车载,6
农产,6
农产品,6
疑虑,6
艺术家,6
术家,6
康盛,6
大荔,6
保护主义,6
实业公司,6
全球性,6
钦州,6
老视,6
求变,6
三名,6
报国,6
OCT,6
代线,6
非标,6
百色,6
指示,6
建岭,6
投讯网,6
偏小,6
丧假,6
德州,6
热潮,6
回馈,6
全意,6
万多,6
结题,6
盲症,6
丰硕,6
AV,6
记忆,6
放松,6
各产线,6
差别,6
聚视,6
黏膜,6
动力电池,6
专职,6
作工,6
五位,6
第五位,6
特色产业,6
重要环节,6
视为,6
平泉县,6
辉光,6
产假,6
导电性,6
安全意识,6
导电,6
试生产,6
云化,6
任重道远,6
支柱产业,6
长广已,6
40GW,6
破口,6
突破口,6
多主栅,6
电站设备,6
100kg,6
受控,6
140kg,6
180kg,6
底盘,6
SINGAPORE,6
利用效率,6
AAO,6
热情,6
分体式,6
冷却管,6
车重,6
占地,6
占地面积,6
当月,6
更名,6
平泉,6
主阵地,6
私有,6
绝缘,6
金级,6
华为,6
节省,6
成熟度,6
胶粘,6
项下,6
操作工,6
到家,6
本土化,6
系统软件,6
上门,6
妇幼保健,6
浓缩,6
昆曲,6
净利,6
血药浓度,6
失密,6
防水,6
防震,6
商机,6
营运商,6
流失,6
商厦,6
华联商厦,6
逸夫,6
处理厂,6
阿片,6
不可抗力,6
耐药性,6
逐步推进,6
再度,6
接收,6
药性,6
耐药,6
阿片类,6
适配,6
日趋激烈,6
抗力,6
竞争对手,6
进步奖,6
周友盟,5
多段,5
压射,5
二十余年,5
工程项目,5
软件平台,5
方已,5
都江堰,5
排除,5
海洋大学,5
都江,5
新加,5
余万,5
开花,5
直辖,5
上限,5
相较,5
80RobinsonRoad,5
作好,5
直辖市,5
特色化,5
新塘,5
湘乡,5
重复性,5
周富村,5
双浦镇,5
尖端技术,5
精灵,5
港口,5
勇敢,5
性是,5
同工,5
时刻,5
无极,5
溯源,5
利益者,5
开州,5
工程设计,5
中金公司,5
园林,5
宏源证券,5
化食,5
起点,5
县城,5
天风,5
客户关系,5
主观,5
姿态,5
青睐,5
支否,5
MDT,5
绩效评价,5
快乐,5
脱水,5
酷武,5
操作规程,5
速溶,5
当地政府,5
速溶茶,5
接到,5
较慢,5
十家,5
模温,5
无线通信,5
嘉实,5
德之馨,5
延吉市,5
ChanSuetMei,5
Liang,5
美意,5
奇华顿,5
顺德,5
保函,5
铜陵,5
弹性,5
玉林,5
安庆,5
保护意识,5
座谈,5
百乐,5
嘉利宝,5
牧场,5
Leffingwell,5
Associates,5
实效,5
以往,5
多处,5
不当,5
乙基,5
东营,5
结余,5
地政,5
成网,5
量仪,5
商一,5
椎管,5
系当期,5
儿科,5
上调,5
妇产科,5
连接数,5
商四,5
商三,5
商二,5
折叠,5
配网,5
承租人,5
三十九,5
第三十九,5
多能,5
品规,5
停牌,5
税务局,5
死亡,5
成交,5
国家药品监督管理局,5
优先股,5
资助款,5
工程款,5
电磁干扰,5
大中型,5
中后期,5
永修,5
冲洗器,5
湿润,5
OHSAS18001,5
债等,5
远超,5
丝绸之路,5
丝绸,5
补齐,5
大于,5
智鸿,5
4GW,5
内销,5
越浪,5
购售,5
友达,5
住商,5
力加,5
吸入,5
人员培训,5
巡查,5
学术论文,5
主办权,5
两级,5
洪山,5
ISECHealthcareLtd,5
产展,5
大力加强,5
出海,5
高频,5
领衔,5
赣发,5
十日,5
药业,5
冻结,5
为体,5
重担,5
操作能力,5
药械,5
支气管,5
肺泡,5
HIS,5
契合,5
义工,5
社团,5
高中生,5
融合线,5
小诺,5
院外,5
爱尔特,5
尔特,5
渗型,5
做轻,5
六届,5
整顿,5
渗透压,5
致贫,5
欧美国家,5
变为,5
鼻科,5
街道,5
展弘,5
网络体系,5
宝贵,5
灾难性,5
法治,5
京东方,5
灾难,5
突发性,5
门诊患者,5
中高,5
医科大学,5
仿生,5
悦刻,5
科研课题,5
会同,5
湘达,5
电力设施,5
遴选,5
大洲,5
界定,5
参考价,5
术式,5
呵护,5
破坏性,5
紧迫,5
紧迫性,5
irm,5
谵妄,5
二十九,5
负荷,5
民政部,5
特殊人群,5
失明,5
有利条件,5
肥胖,5
发育,5
冲击波,5
低频,5
决心,5
高度发达,5
已结,5
陷入困境,5
严重破坏,5
结膜,5
道德,5
包方,5
联新能,5
APAO,5
茁壮成长,5
茁壮,5
积极进取,5
橘洲,5
果橙,5
果粉,5
两位,5
CANADA,5
数十,5
贝尔,5
新耀辉,5
荣尊达,5
公信力,5
公信,5
爱康慧诚,5
隆康,5
额额,5
打印,5
所涉,5
禅城,5
资否,5
农光,5
苦练,5
练内功,5
苦练内功,5
感冒,5
保量,5
AMD,5
定增,5
跨度,5
PtyLtd,5
再创新高,5
投资业,5
SIM卡,5
电力设备,5
建筑工程,5
唐山乐酷,5
维修站,5
ThyssenKrupp,5
销货,5
电工,5
意见书,5
标志物,5
摊薄,5
金属材料,5
五金,5
如本,5
详细情况,5
细情,5
议价,5
公式,5
疗效,5
之音,5
退行性,5
汇乐,5
操作性,5
酷彩,5
流水,5
水线,5
流水线,5
录入,5
稀释,5
为重,5
相适,5
化发展,5
nAMD,5
煮制,5
或果,5
酷粤,5
奉献,5
中欧,5
多所,5
相适应,5
酷湘,5
临汾,5
第十九,5
第十八次,5
第十八,5
监察,5
列报,5
首届,5
第九次,5
海鲜,5
华士,5
低脂,5
仿真,5
产期,5
品管,5
品管部,5
可使,5
化工产品,5
环保部,5
优越,5
国际品牌,5
带薪,5
面包,5
常温下,5
强化剂,5
化剂,5
潜能,5
员工福利,5
上汽,5
液块,5
蒂森,5
克虏伯,5
价格竞争,5
WMS,5
供体,5
书面,5
业主,5
细致,5
商社,5
住友,5
租房,5
化学品,5
爱普生,5
到货,5
临夏市,5
量身,5
总排,5
消费行为,5
阻碍,5
HUTCHINSON,5
单次,5
威尼斯,5
尼斯,5
威尼,5
离焦,5
北大,5
老花,5
深化改革,5
茶叶,5
用成,5
UOIN,5
柚印,5
未达,5
差旅,5
迈欧,5
参保,5
医发,5
三维,5
要点,5
隆尧县,5
隆尧,5
家长,5
稳增,5
80MW,5
超目,5
增收,5
医函,5
国卫办,5
配额,5
出血,5
创伤,5
如引,5
二氧化碳,5
氧化碳,5
化碳,5
投身于,5
网科,5
爱尔暨丽,5
四十九,5
第四十九,5
六期,5
推成,5
区别,5
政策性,5
供者,5
决策分析,5
提供者,5
使用率,5
人民日报,5
承修,5
微创,5
局长,5
科尔,5
新进展,5
多种手段,5
区爱尔,5
眼眶,5
小儿,5
电改,5
受欢迎,5
井喷,5
贴心,5
本轮,5
全文,5
支部,5
堡垒,5
后勤,5
绿色通道,5
多场,5
前行,5
立眼,5
吉木萨尔县,5
萨尔,5
降存,5
饮食习惯,5
全线,5
画像,5
拟订,5
下水,5
责任人,5
任人,5
异业,5
地下水,5
版权,5
索福瑞,5
触角,5
人工成本,5
营收,5
比率,5
丁惠,5
供需平衡,5
带来不利,5
同频,5
集聚,5
艰难,5
证券期货,5
G20,5
CE,5
效率高,5
基板,5
手工,5
男士内衣,5
下跌,5
百货商场,5
光强,5
好于,5
好事,5
中层,5
标识,5
节流,5
曝光,5
季节性,5
季节,5
自产,5
康环,5
审字,5
钱江,5
会议主题,5
根本保证,5
成效显著,5
食品厂,5
非核心,5
缩小,5
名片,5
非核,5
足以,5
国产化,5
史记,5
历史记录,5
用户服务,5
类似,5
核对,5
边际,5
惯例,5
第一名,5
运转,5
后台,5
充值,5
数人,5
金砖,5
基本工资,5
洗涤,5
撤出,5
六师,5
变局,5
清盘,5
新格局,5
意味,5
意味着,5
第一家,5
届次,5
上规模,5
G11,5
雪松,5
工作进展,5
新政,5
汪琦,5
李顺,5
马青凤,5
清除,5
定时,5
项目组,5
向本,5
颗粒物,5
较长,5
甲烷,5
准时,5
筹划,5
足额,5
蓝光,5
加工成本,5
影音,5
报废,5
造业,5
持久,5
Brose,5
发行价,5
六个月,5
浦江,5
宽度,5
天合,5
埃贝赫,5
多条,5
账允,5
镀式,5
菲律宾,5
启明,5
启明星,5
直面,5
总体目标,5
复兴,5
工作日内,5
燃气,5
C929,5
理化,5
航发,5
制造厂,5
成本上升,5
专用性,5
氯气,5
随之,5
新舟,5
博泽,5
农副,5
大协作,5
触点,5
八节,5
还本,5
日员会,5
丧失,5
配电箱,5
扩展性,5
展性,5
统一指挥,5
救援,5
掉期,5
建党,5
称资,5
并报,5
恢复正常,5
种码,5
拔叉,5
光色,5
来计,5
部对,5
局势,5
归属感,5
分配机制,5
科学家,5
高潜,5
中青年,5
中青,5
试制,5
调解书,5
28B,5
中低,5
中低端,5
地球,5
配机,5
另有,5
单件,5
荷兰,5
Nidec,5
电产,5
总氮,5
法雷奥,5
延期,5
结电,5
家庭用户,5
国家科技部,5
3TCL,5
十六个,5
监管局,5
三十六个,5
业绩考核,5
工程学院,5
性别,5
工程学,5
牵引,5
爱潮,5
特质,5
证据,5
CCTV,5
之势,5
华安,5
名誉,5
施罗德,5
尚派,5
渤海,5
电子器件,5
枯竭,5
选用,5
同道,5
Bremse,5
Knorr,5
紫金,5
一百,5
转轨,5
可供,5
初具,5
脱颖,5
脱颖而出,5
返售,5
股数,5
稀缺,5
迈上,5
万通,5
投资额,5
时代趋势,5
志同道合,5
正品,5
中德,5
中德爱康,5
瑞士,5
统合,5
证券监管,5
胜任,5
敬业,5
金服,5
否赵晋,5
外汇收入,5
送达,5
市场走势,5
公域,5
团体,5
铝件,5
精进,5
国政,5
不含,5
业大,5
乏力,5
意识形态,5
数年,5
长城,5
宝盈,5
银华,5
瑞银,5
沉积,5
司员,5
公司员工,5
工人,5
贯彻实施,5
兑现,5
大专,5
数本,5
全联,5
遭受,5
积极主动,5
UAES,5
财务决算,5
陈重,5
广发基金,5
保全,5
年终,5
天音,5
T4,5
十五年,5
PCT,5
中爱,5
助学,5
序列,5
执法,5
鹏慎,5
物力,5
可用,5
质量关,5
用者,5
使用者,5
管理信息系统,5
太东,5
射线,5
引业,5
型面,5
过往,5
合法经营,5
活着,5
潜心,5
抵偿,5
畅联智融,5
保证金,5
务实,5
VC,5
B737,5
可喜,5
网络服务,5
入驻,5
三轴,5
机顶,5
全会,5
顶盒,5
机顶盒,5
热性,5
配售,5
离境,5
出租方,5
六是,5
交易平台,5
忧患意识,5
忧患,5
品格,5
功能型,5
能级,5
大关,5
现状及,5
轰炸,5
轰炸机,5
额部,5
基准日,5
第二季,5
第二季度,5
始终保持,5
豁免,5
罗国芳,5
粤械,5
委派,5
作者,5
中视,5
管线,5
卧式,5
第二十二次,5
二十二,5
离子,5
民品,5
线路,5
财产保险,5
受制,5
受制于,5
航空器,5
难点,5
绝大多数,5
工件,5
分包,5
受益人,5
实用性,5
频繁,5
表于,5
千亿元,5
农业装备,5
男性,5
内地,5
找到,5
爱星通,5
一度,5
下轮,5
NinhThuna,5
调整机制,5
空壳,5
预示,5
大宗,5
cell,5
无线网络,5
无线网,5
线网,5
比约,5
瑞捷,5
重生,5
四年,5
AIMERMEN,5
圆满,5
寻乌,5
宝山,5
年间,5
南美洲,5
厚度,5
比值,5
凝心,5
动力系统,5
B2B2C,5
完美,5
立面,5
求美者,5
主控,5
导视,5
创下,5
云端,5
十几,5
受众,5
化工集团,5
sse,5
十几年,5
多变,5
复杂多变,5
衰退,5
HUXI,5
每位,5
HUD,5
原辅材料,5
知情,5
生命力,5
全力以赴,5
主板,5
提及,5
健身,5
执照,5
智达,5
争力,5
加工能力,5
新扬,5
合同期,5
发声,5
科创板,5
学位,5
数据管理,5
财务人员,5
中控,5
绝大部分,5
副食,5
消费观念,5
分钟,5
创造者,5
肯定,5
强势,5
拉开,5
苏达,5
明尼苏,5
消费观,5
YNG,5
副食品,5
食堂,5
惠康,5
外销,5
工作室,5
精选,5
忠诚,5
忠诚度,5
广电总局,5
品位,5
整形外科,5
616MW,5
养老金,5
商显,5
试用期,5
老金,5
资期,5
出库,5
AKiTopper,5
白板,5
十周年,5
新股,5
高技术,5
十周,5
借势,5
控新,5
中位值,5
威视,5
宁德,5
押任,5
天安,5
人眼,5
Stellantis,5
代工,5
时机,5
